message_id,translation
100,인간
101,엘프
102,드워프
103,노움
104,호빗
105,페어리
106,리저드맨
107,드라콘
108,펠퍼
109,라울프
110,무크
119,*취소*
120,전사
121,마법사
122,사제
123,도적
124,레인저
125,연금술사
126,바드
127,사이오닉
128,발키리
129,비숍
130,로드
131,사무라이
132,몽크
133,닌자
140,남성
141,여성
200,레벨
201,등급
202,경험치
203,MKS
204,근력
205,지능
206,신앙
207,체력
208,민첩
209,속도
210,지각
211,업보
212, 생명력
213,스태미나
214,상태
215,GP
216,운반 한도 
217,방어도
300,<0x1B><0x08><0x09><0x0A><0x0B><0x0D>
301,장착
302,주문
303,거래
304,감정
305,보관
306,합치기
307,사용
308,버리기
309,스킬
310,편집
311,확인
312,나가기
350,선택 $ >
351,주 무기
352,보조 아이템
353,기타 아이템
354,투구
355,몸통 방어구
356,다리 방어구
357,건틀릿
358,장화
359,없음
380,소지한 아이템의 힘을 발동하시겠습니까?
381,아니요
382,예
400,어떤 아이템을 사용합니까?
401,없음
402,어떤 아이템을 버립니까?
403,어떤 아이템을 거래합니까?
404,거래할 골드 (수량) >
405,거래할 수량 >
406,어떤 아이템을 합칩니까?
407,어떤 아이템과 합칩니까?
408,어느 아이템에 사용합니까?
409,계속하려면 <0x15> 누르기
450,어떤 아이템을 감정합니까?
451,PS
452,AC
453,LB
454,HEDGHFLDFRM
455,MF
456,FMPTRABPVBLSMN
457,한손
458,양손
459, 
460,머리
461,몸통
462,다리
463,손
464,발
465,저주:
466,피해
467,명중
468,재생
469,특수 효과:
470,수면
471,마비
472,독
473,석화
474,분쇄
475,흡수
476,필살
477,기절
478,D
479,!@#$%^&*?:
480,최대
481,어느 아이템에 시전합니까?
482,* 실패 *
500,누구를 확인합니까?
501,누구와 거래합니까?
502,누구에게 시전합니까?
503,나가기
504,누구에게 사용합니까?
600,무기술
601,신체
602,개인
603,학문
604,나가기
605,스킬 보너스를 획득했습니다!
606,<0x11><0x12> 스킬 조정
607, <0x13><0x14> 스킬 선택
608,다음 분류로 가려면 <0x15> 누르기
609,     종료하려면 <0x15> 누르기     
610,초기 스킬 보너스 배정
650,이름
651,초상화
652,직업
653,교체
654,종료
660,새 캐릭터 직업 선택
661,취소하려면 *취소* 선택
670,경고! 이 캐릭터는 사라집니다!!
671,정말 교체하시겠습니까?
675,아니요
676,예
700,      주문      
701,시전할 주문 선택
702,새 $ 주문을 배웠습니다!
703,주문서에 넣을 새 주문 선택
704,마법사
705,사제
706,연금술사
707,사이오닉
720,주문이 당신의
721,^개인 주문서에 기록되었습니다.
725,아직 수준이 부족하여
726,^이 주문을 주문서에 기록할 수 없습니다.
730,이 주문을 배울 수 없습니다.
750,     보관 가방     
751,넣기
752,꺼내기
753,버리기
754,나가기
760,보관 가방에 어떤 아이템을 넣습니까?
761,어떤 아이템을 꺼냅니까?
762,어떤 아이템을 버립니까?
800,없음
801,숙련자
802,전사
803,약탈자
804,검투사
805,검사
806,전쟁군주
807,정복자
808,*왕가의_화환
809,*황금_망령
810,없음
811,마술사
812,소환사
813,흑마법사
814,마도사
815,강령술사
816,대마법사
817,마구스
818,*검은_발톱
819,*루비_군집
820,없음
821,수련사제
822,치유사
823,보좌사제
824,드루이드
825,대사제
826,총대주교
827,성인
828,*성십자가
829,*수정_성배
830,없음
831,도적
832,협잡꾼
833,노상강도
834,매복꾼
835,해적
836,그림자의 달인
837,길드마스터
838,*에메랄드_걸쇠
839,*청동_죔쇠
840,없음
841,숲지기
842,정찰병
843,궁수
844,길잡이
845,무기 전문가
846,선봉 기병
847,레인저 로드
848,*진의_활
849,*화살의_달인
850,없음
851,약초사
852,의사
853,숙련자
854,주술사
855,소환술사
856,영약의 달인
857,마법부여사
858,*공기의_달인
859,*구체의_달인
860,없음
861,음유시인
862,성가대장
863,소네트 시인
864,트루바두르
865,시인
866,류트의 달인
867,뮤즈
868,*아폴론의_투사
869,*나무_피리
870,없음
871,영능자
872,점술가
873,환시자
874,환술사
875,신비가
876,신탁자
877,예언자
878,*영능_수정
879,*빛의_달인
880,없음
881,창병
882,전사
883,기병
884,기사단원
885,투사
886,여걸
887,올림피안
888,*에시르의_신성
889,*마이나드의_용맹
890,없음
891,수도사
892,교구대리
893,참사회원
894,성직재판관
895,교구장
896,추기경
897,교황
898,*신성한_미르미돈
899,*성스러운_지팡이
900,없음
901,종자
902,용사
903,기사
904,기사단원
905,성기사
906,성전사
907,군주
908,*왕가의_수호자
909,*왕국의_투사
910,없음
911,도검사
912,슈겐자
913,하타모토
914,다이쇼의 달인
915,다이묘
916,전쟁군주
917,쇼군
918,*검의_달인
919,*매의_달인
920,없음
921,수련생
922,형제
923,제자
924,사도
925,달인
926,정결한 자
927,대종사
928,*꽃의_달인
929,*사풍의_달인
930,없음
931,게닌
932,처형인
933,암살자
934,추닌
935,달인
936,조닌
937,대사부
938,*연기의_달인
939,*용의_달인
1000,<0x1B><0x08><0x09><0x0A><0x0B><0x0D>
1001,<0x7F>__전체_옵션__<0x7F>
1002,추가
1003,확인
1004,제외
1005,새_게임
1006,계속하기
1007,캐릭터
1008,설정
1009,타이틀
1010,종료
1050,이 아이콘들의 마법어를 입력하세요
1100,캐릭터 이름 >
1101,* 캐릭터 명단 가득 참 *
1102,* 이미 존재하는 캐릭터 *
1103,이 캐릭터를 저장하시겠습니까?
1104,캐릭터 종족 선택
1105,캐릭터 성별 선택
1106,캐릭터 직업 선택
1107,보너스
1108,<0x11><0x12> 능력치 조정
1109,<0x13><0x14> 능력치 선택
1110,종료하려면 <0x15> 누르기
1111,업보 결정 - <0x15> 누르기
1112,<0x11><0x12> 초상화 보기
1113,선택하려면 <0x15> 누르기
1114,예
1115,아니요
1116,캐릭터 종족
1117,캐릭터 성별
1118,직업
1119,캐릭터 초상화
1120,능력치 보너스 배분
1121,누구를 삭제합니까?
1122,누구의 이름을 바꿉니까?
1123,누구의 초상화를 바꿉니까?
1124,취소
1125,이 캐릭터를 삭제하시겠습니까?
1126,예
1127,아니요
1128,새 이름 >
1129,누구를 확인합니까?
1130,생성
1131,확인
1132,삭제
1133,이름
1134,초상화
1135,종료
1200,^_선택 가능한 사람이 없습니다_^
1201,구성원_추가
1202,누구를_확인할까요}
1203,누구를_해산할까요}
1204,나가기
1205,나가기
1206,누구를 추가합니까?
1207,취소
1208,우주의_군주_서클로_입장
1209,게임 불러오기
1210,"당신의 존재를 알아차린 듯,"
1211,성의 문이 열린다...
1212,진입
1213,코스믹 포지의 재앙
1300,옵션은
1301,엔터
1302,키를
1303,누르세요
1500,<0x1B><0x08><0x09><0x0A><0x0B><0x0D>
1501,누가_거래할까요}
1502,구매할_아이템}
1503,^_자금이 부족합니다_^
1504,^_감사합니다<0x16>_^
1505,^_가득 찼습니다_^
1506,나가기
1507,나가기
1508,$의_옵션
1509,구매할_아이템}_나가기_____직업________가격
1510,파티_옵션
1511,누가_시도할까요}
1512,누가_말할까요}
1513,(^):
1514,누가_시전할까요}
1515,누가_사용할까요}
1516,어떤 아이템을 사용합니까?
1517,어떤 아이템을 판매합니까?
1518,^_관심 없습니다_^
1519,누가_가지고_있나요}
1520,구매
1521,판매
1522,주기
1523,나가기
1525,"판매가 $ GP, 수락?"
1526,예
1527,아니요
1528,^_장착됨_^
1529,^_그건 필요합니다<0x16>_^
1530,대화
1531,거래
1532,주문
1533,사용
1534,공동 보관함
1535,훔치기
1536,전투
1537,떠나기
1540,^_소지하고 있지 않습니다_^
1541,^ 공격합니다!
1542,^ 떠납니다...
1543,^ 매혹되었습니다!
1544,^ 효과가 없습니다!
1545,(아무것도 없음)
1546,"""^"""
1547,^ 아이템 획득
1548,^ 최면에 걸렸습니다!
1549,^ 물렸습니다!
1550,무기 (S)
1551,무기 (E)
1552,무기 (T)
1553,무기 (L)
1554,투사체
1555,기타 아이템
1556,투구
1557,몸통 방어구
1558,다리 방어구
1559,건틀릿
1560,장화
1561,방패
1562,마법
1563,마법
1564,특수
1565,특수
1566,마법
1567,사용 불가
1570,^ 움직입니다...
1571,^ 움직입니다...
1572,소매치기 실패
1573,^ 아이템을 훔쳤습니다!
1574,^ 골드를 훔쳤습니다!
1575,소매치기 실패
1576,^ 들켰습니다!
1580,어떤 아이템을 줍니까?
1581,골드를 줍니까?
1582,수량 >
1600,말하는 게 ^인가
1601,아니면 ^?
1602,^ 뭐라고?
1603,그건 모르겠어...
1604,이해가 안 돼...
1605,묻는 게 ^인가?
1606,무슨 말인지 모르겠군...
1607,뭐?
1608,좋다...
1609,그렇게 하지...
1610,기다리고 있다...
1611,신경 쓰지 마...
1612,자네도!
1613,잊어버리지...
1614,뭘 도와달라는 거지?
1615,하하하!
1616,나는 ^을(를) 몰라...
1617,^에 대한 소문을 들었어...
1618,^라는 이름은 몰라...
1619,누구
1620,무엇
1621,언제인지는 몰라...
1622,어디
1623,어느 것인지는 몰라...
1624,왜
1625,어떻게
1626,나는 살아 있지...
1627,나도 모르겠군...
1628,그건 자네 생각이지...
1629,잘됐군...
1630,모르겠어...
1631,그럴지도...
1632,자네 생각일 뿐이야...
1633,계속하게...
1634,해보면 알겠지!
1635,흥미롭군...
1636,알아두면 좋겠군...
1637,생각해 보지...
1638,아무것도 못 들었어...
1639,뭘 찾고 있지?
1640,뭘 내놓을 수 있지?
2000,<0x09><0x0A><0x0B><0x08><0x0D>
2001,<0x1B><0x08><0x09><0x0A><0x0B><0x0D>
2002,파티_옵션
2005,수색
2006,확인
2007,주문
2008,사용
2009,열기
2010,순서
2011,휴식
2012,디스크
2013,나가기
2020,^_아야_^
2021,^_잠겼습니다_^
2022,바위_안에_있습니다
2023,^_너무 어둡습니다_^
2024,(RETURN)을 누르십시오
2025,^_조우_^
2026,누구를_확인할까요}
2027,나가기
2028,나가기
2029,누가_시전할까요}
2030,누구에게_시전할까요}
2031,누가_사용할까요}
2032,누구에게_사용할까요}
2033,$의_옵션
2034,어떤 아이템을 사용합니까?
2035,취소
2036,휴식_중<0x17><0x17><0x17>
2037,행군_순서
2038,대답할_수_있습니다<0x10>
2039,(대답): 
2040,^ 특이한 무언가를 감지했습니다!
2041,달리는_중<0x16>
2042,감지 주문이 빛납니다!
2043,수색_중<0x17><0x17><0x17>
2044,{버튼을_누르세요|
2045,^_아무것도 없습니다_^
2046,^_효과가 없습니다_^
2047,누가_마실까요}
2048,^_효과가 없습니다_^
2049,^_상쾌합니다_^
2050,^_독_^
2051,^_이상합니다_^
2052,낙하구<0x16>
2053,^_물 위가 아닙니다_^
2054,^_비행 중_^
2055,^_실패_^
2056,부유 마법으로 보호됩니다!
2100,강제 개방
2101,자물쇠 따기
2102,나가기
2110,누가_시도할까요}
2111,구르는_중<0x16>_누르세요_~
2112,힘쓰는_중<0x16>_누르세요_~
2113,성공<0x16>
2114,^_실패_^
2115,^_걸림_^
2200,디스크_옵션
2201,게임 저장 후 계속
2202,게임 저장 후 종료
2203,게임 종료 - 저장 안 함
2204,플로피 디스크 포맷
2205,게임 설정
2206,나가기
2250,<0x11><0x12> 설정 변경
2251,<0x13><0x14> 항목 선택
2252,종료하려면 <0x15> 누르기
2257,게임_저장_중<0x17><0x17><0x17>
2258,^_디스크 오류_^
2259,게임_불러오는_중<0x17><0x17><0x17>
2300,사운드
2301,지연
2302,난이도
2303,입력
2304,그래픽 모드
2305,저장 게임 드라이브
2306,시나리오 드라이브
2307,게임_설정_<0x10>_
2308,나가기
2309,나가기
2350,강/강
2351,강/약
2352,강/끔
2353,약/약
2354,약/끔
2355,끔/끔
2356,HD
2357,보통
2358,쉬움
2359,전문가
2360,키보드
2361,마우스
2362,조이스틱
2363,VGA
2364,VGA/EGA 16
2365,MCGA/CGA 4
2366,TANDY 16
2367,HERC (흑백)
2368,16색
2369,모노 (흑백)
2370,16색
2371,HALFBRITE
3000,전투
3001,쳐내기
3002,장착
3003,주문
3004,사용
3005,이동
3006,숨기
3007,도주
3008,숨결
3009,후퇴
3010,취소
3050,휘두르기
3051,찌르기
3052,후려치기
3053,근접전
3054,던지기
3055,주먹질
3056,발차기
3057,채찍질
3058,사격
3100,막기
3101,회피
3102,방어
3103,휴식
3200,침묵!
3201,실패!
3202,역류!
3203,속수무책으로 헛구역질합니다!
3204,앞을 못 보고 비틀거립니다!
3205,알아들을 수 없는 말을 중얼거립니다!
3206,통제할 수 없이 춤춥니다!
3207,히스테릭하게 웃습니다!
3208,날뛰기 시작합니다!
3209,공포에 웅크립니다!
3210,최면에 지배당했습니다!
3211,동료에게 등을 돌립니다!
3212,주문이 튕겨 나갔습니다!
3213,주문 효과가 감소했습니다!
3214,튕겨 나감!
3215,나타납니다!
3216,나타납니다!
3217,아무것도 나타나지 않습니다
3218,안개로 변합니다!
3220,화염 폭풍
3221,독가스
3222,유독 증기
3223,산성 구름
3224,치명적 구름이 약화되었습니다!
3225,공기 방울이 파괴되었습니다!
3226,공기 방울이 약화되었습니다!
3301,빗나감!
3302,적중!
3303,관통 실패
3304,연주합니다
3305,마구 사용합니다
3306,피해
3307,필살
3308,시전합니다
3309,피해
3310,효과 없음!
3311,장비를 변경합니다
3312,발동합니다
3313,사용합니다
3314,주문을 외웁니다
3315,던집니다
3316,실수합니다
3317,실수합니다
3318,소모합니다
3320,등
3321,날개
3322,꼬리
3323,머리
3324,몸통
3325,다리
3326,손
3327,발
3330,몸통
3331,가지
3332,사지
3333,꼬투리
3334,덩굴
3335,뿌리
3336,촉수
3337,몸통
3340,숨결을 내뿜습니다
3341,토해냅니다
3342,토합니다
3343,응시합니다!
3344,내뿜습니다
3345,비명을 지릅니다!
3346,노래합니다!
3347,울부짖습니다!
3350,휘두릅니다
3351,찌릅니다
3352,후려칩니다
3353,근접 공격합니다
3354,던집니다
3355,주먹질합니다
3356,발로 찹니다
3357,채찍질합니다
3358,사격합니다
3375,할큅니다
3376,물어뜯습니다
3377,채찍질합니다
3378,찌릅니다
3379,접촉합니다
3380,붙잡습니다
3381,주먹질합니다
3382,발로 찹니다
3383,짓밟습니다
3384,던집니다
3385,기습 공격
3386,기습
3400,^
3401,^
3402,^
3403,^
3404,^
3405,^
3406,^
3407,^
3408,^
3409,^
3410,^
3411,^
3412,^
3413,^
3414,^
3415,^
3416,^
3417,^
3450,그
3451,그녀
3452,그것
3455,그의
3456,그녀의
3457,그것의
3471,효과 없음!
3472,침묵
3473,공포
3474,잠듭니다
3475,마비
3476,실명
3477,중독
3478,질병
3479,광기에 빠집니다!
3480,구역질
3481,저주!
3482,사망!
3483,필살!
3484,의식을 잃습니다!
3485,석화됩니다!
3486,사망합니다!
3487,짜증
3488,붙잡혔습니다!
3489,시들어 죽습니다!
3490,질식했습니다!
3491,약화
3492,속박!
3493,해제되었습니다!
3494,감속
3495,필살!
3496,예속됨!
3497,사라집니다!
3498,최면에 걸렸습니다!
3500,$의_옵션
3501,$_{공격|
3502,$_{방어|
3503,<0x7F>_몬스터_<0x7F>
3504,어떤 아이템을 사용합니까?
3505,취소
3506,최종_명령
3507,전투 시작
3508,이전으로 돌아가기
3509,옵션 취소
3510, 전진합니다!
3511, 전진합니다!
3512, 도움을 요청합니다!
3513,전진
3514,후퇴
3515,숨기
3516,<0x7F>__소환됨__<0x7F>
3517,도주
3518,사라졌습니다!
3519,나타났습니다!
3520,그림자 속으로!
3521,실패!
3522,멀리!
3523,막혔습니다!
3600,$ 무리?
3602,전투
3603,시전 대상
3604,사용 대상
3605,숨결 대상
3606,취소
3607,나가기
3608,나가기
3609,누구에게_시전할까요}
3610,누구에게_사용할까요}
3611,어디로_이동할까요}
3700,화염
3701,얼음
3702,어둠의 증기
3703,악취
3704,독
3705,거대 바위
3706,산성
3707,흰 안개
3710,눈부신 빛
3750,쇠약
3751,$ 스태미나
3752,$ 생명력
3753,근력
3754,활력
3755,민첩성
3756,속도
3800,커틀러스
3801,더크
3802,레이피어
3803,장검
3804,브로드소드
3805,거대 쇠망치
3806,바위
3807,창=죽음
3808,망치
3809,벌컨 망치
3810,창
3811,지팡이
3812,느릅나무 화살
3813,망치+1.5
3814,플람베르주
3815,전투 도끼
3816,검=마법
3817,피스메이커
3818,신비의 화살
3819,검 퀴진아트
3820,마에나드 랜스
3821,무사도 검
3822,와키자시+1
3823,A.P. 화살
3824,블랙블레이드
3825,처녀 머리
3826,노다치
3827,시켄 슈리
3828,막대=정령
3829,무라마사 검
3830,봉=힘
3831,화염 폭탄
3832,복수의 검
3900,<0x1B><0x08><0x09><0x0A><0x0B><0x0D>
3950,화염
3951,물
3952,대기
3953,대지
3954,정신
3955,마법
3956,취소
3957,비용
4000,에너지 폭발
4001,실명의 섬광
4002,화염구
4003,화염 방패
4004,화염 폭탄
4005,번개
4006,프리즘 미사일
4007,화염 폭풍
4008,핵폭발
4009,냉기의 손길
4010,스태미나
4011,공포
4012,약화
4013,감속
4014,가속
4015,마비 치료
4016,얼음 방패
4017,얼음구
4018,마비
4019,급속 냉동
4020,독
4021,미사일 방어막
4022,악취 폭탄
4023,공기 주머니
4024,침묵
4025,독가스
4026,해독
4027,회오리바람
4028,공기 정화
4029,맹독
4030,부유
4031,유독 증기
4032,유독 연무
4033,질식
4034,죽음의 공기
4035,산성 물보라
4036,가려운 피부
4037,방어 보호막
4038,방향 감지
4039,노크-노크
4040,칼날
4041,판금 갑옷
4042,거미줄
4043,산성 폭탄
4044,갑옷 용해
4045,생명 창조
4046,석화 치료
4047,정신 공격
4048,수면
4049,축복
4050,매혹
4051,경미한 상태 치료
4052,신성 함정
4053,비밀 탐지
4054,감정
4055,몬스터 속박
4056,마음 읽기
4057,정신 안정
4058,사이오닉 폭발
4059,환영
4060,마법사의 눈
4061,죽음
4062,물체 탐지
4063,정신 도려내기
4064,상처 치유
4065,상처 입히기
4066,마법 미사일
4067,언데드 퇴치
4068,마법부여 검
4069,순간이동
4070,마법 보호막
4071,소환
4072,반마법
4073,저주 해제
4074,생명력 흡수
4075,아스트랄 게이트
4076,죽음의 언령
4077,부활
4078,죽음의 소원
4079,성수
4080,회복 음식
4081,마법 음식
5000,몬스터를 물리쳤습니다
5001,모든 생존자가 $ 경험치를 획득합니다
5002,전리품의 각 몫은 $ 골드 가치입니다
5003,모두가 $ 경험치 보너스를 받습니다
5004,% @을(를) 발견했습니다
5005,$ ^
5006,물약
5007,두루마리
5008,가루
5010,"^, $ 레벨이 되었습니다!"
5011,생명력 $을(를) 얻었습니다!
5012,생명력 $을(를) 얻었습니다!
5013,스태미나가 증가했습니다!
5014,$이(가) 증가했습니다!
5015,^의 $이(가) 증가했습니다!
5050,근력
5051,지능
5052,신앙심
5053,활력
5054,민첩성
5055,속도
5056,성격
5057,카르마
5100,<0x1B><0x08><0x09><0x0A><0x0B><0x0D>
5101,<0x7F>__전리품_분배__<0x7F>
5102,아이템 획득 >
5103,없음
5104,무게
5105,누가_가질까요}
5106,나가기
5107,나가기
5108,^_가득 찼습니다_^
5109,^_중요한 아이템_^
5200,<0x0F>___상자<0x16>___<0x0F>
5201,조사
5202,함정 해제
5203,열기
5204,주문
5205,떠나기
5220,누가_해제할까요}
5221,나가기
5222,나가기
5223,누가_조사할까요}
5224,누가_시전할까요}
5225,누가_열까요}
5226,??? 함정 ???
5227,함정이 발동했습니다!
5228,상자에는 함정이 없었습니다
5229,함정을 해제했습니다!
5230,함정을 해제하지 못했습니다!
5231,은(는)
5232,피해를 받습니다
5233,은(는)
5234,상자가 열립니다!
5235,상자가 열리지 않았습니다
5250,침묵
5251,공포
5252,잠듭니다
5253,마비
5254,실명
5255,중독
5256,질병
5257,식물화!
5258,구역질
5259,저주
5260,사망
5261,필살
5262,의식을 잃습니다!
5263,석화됩니다!
5264,사망합니다!
5265,약화
5266,잃음
5267,근력
5268,활력
5269,생명력
5270,환영의 손이 나타납니다!
5271,공격받습니다!
5272,심하게 두들겨 맞습니다!
5273,"목이 졸리고, 짓눌리고, 찌그러집니다!"
5274,환영의 손이 손짓하고 사라집니다...
5275,구역질
5300,함정 없음
5301,보팔 칼날
5302,공포의 구름
5303,경비 경보
5304,독 단검
5305,프리즘 미사일
5306,약화의 광선
5307,주문 무효화장
5308,에너지 흡수
5309,차원문
5310,메두사의 저주
5311,갑옷 용해
5312,환영의 손
5313,유독 증기
5314,화염 폭탄
5315,죽음의 입맞춤
5500,완드&단검
5501,검
5502,도끼
5503,철퇴&도리깨
5504,장병기&지팡이
5505,투척
5506,슬링
5507,활
5508,방패
5509,손&발
5510,수영
5511,정찰
5512,음악
5513,웅변
5514,손재주
5515,자물쇠 및 함정
5516,닌자술
5517,방어
5518,속도
5519,이동
5520,조준
5521,위력
5522,유물
5523,신화학
5524,필사
5525,연금술
5526,신학
5527,신지학
5528,기적술
5529,키리주츠
5530,스킬 포인트
7000,말하다
7001,이다
7002,이다
7003,이다
7004,가지다
7005,원하다
7006,주다
7007,가져가다
7008,사용하다
7009,얻다
7030,누구
7031,무엇
7032,언제
7033,어디
7034,어느
7035,왜
7036,어떻게
7040,아니 
7041,에게 
7050,하다
7051,가능
7052,할 것이다
7053,아마
7054,할 것이다
7055,할 것이다
7056,해야 한다
7070,당신
7071,나
7072,우리
7073,우리
7074,우리
7075,우리
7076,나
7077,당신
7078,나
7079,당신
7090,그것
7091,이것
7092,그것
7093,거기
7094,그
7095,그녀
7096,그
7097,그녀
7098,하나
7099,그들
7100,그들
7120,안녕
7121,잘 가
7122,예
7123,아니요
7124,아마
7125,감사
7126,젠장
7127,잊다
7128,돕다
7129,하하
7140,의
7141,그
7142,에 대해
7143,위해
7144,하나
7145,하나
7146,일부
7160,안녕/여보세요/반갑소/
7161,잘 가/안녕/그만/작별/
7162,예/물론/좋아/응/그래/
7163,아니요/아니/절대 아님/
7164,감사/고마워/
7165,잊어/신경 쓰지 마/
7166,젠장/빌어먹을/제길/
7167,말해/이야기/설명/알다/생각/말하다/말하다/
7168,하다/한다/
7169,얻다/찾다/사다/입수하다/구매하다/
7170,주다/팔다/보여주다/거래하다/흥정하다/
7171,원하다/필요하다/좋아하다/
7172,돕다/지원하다/
7173,하하/웃기다/
7174,누구인지 말해/이름/이름들/
7175,당신/당신의/
7176,가지다/가지고 있다/소유하다/소지하다/보유하다/
7177,무엇을 말해/소문/소문들/힌트/힌트들/단서/단서들/
7178,이다/에 대해/
7179,들어가다/열다/잠금 해제/
7180,하지 마/하지 않는다/
7181,할 수 없다/못한다/
7182,하지 않을 것이다/안 할 것이다/
7183,하지 않을 것이다/안 하겠다/
7184,아니다/아니야/
7185,나는/난/
7186,나는 할 것이다/난 할게/
7187,당신은/넌/
7188,우리는/우린/
7189,그들은/걔들은/
7190,그는/걔는/
7191,그녀는/걔는/
7192,무엇인가/뭐야/
7193,누구인가/누구야/
7194,어디인가/어디야/
7195,어떤가/어때/
7196,언제인가/언제야/
7197,그것은/그건/
8000,!던전%
8002,코스믹 포지의 재앙
8003,지금 그 안에 서 있잖아!
8004,지금 그 안에 서 있잖아!
8005,<0x1F>미궁%
8010,<0x1E>성%
8015,"""상자%"
8017,전리품과 보물이 가득 든 상자
8018,몬스터 소굴 주변을 찾아봐
8019,몬스터 소굴에서 보물 상자를 찾아봐
8020,<0x1F>보물 상자%
8025,"""골드@"
8027,골드로 아이템과 서비스를 살 수 있어
8028,보물 상자를 찾거나 아이템을 팔아
8029,보물 상자 안에 숨겨져 있어
8030,<0x1F>돈^2들
8035,<0x1E>동전%
8040,"""아이템%"
8042,던전에서 아이템을 찾을 수 있어
8043,던전에서 찾거나 거래해서 얻을 수 있어
8044,보물 상자 안에 숨겨져 있어
8045,<0x1F>물건%
8050,<0x1E>유물%
8055,<0x1D>무기%
8060,<0x1C>방어구%
8065,<0x1B>물건%
8070,"""문%"
8072,방과 소굴의 입구를 막고 있어
8073,열쇠를 써봐
8074,던전 곳곳에 있어
8075,<0x1F>관문%
8080,"""열쇠%"
8082,문과 관문의 잠금을 푸는 데 써
8083,던전에서 찾을 수 있을 거야
8084,보물 상자 안이나 바닥에 떨어진 걸 찾을 수도 있어
8085,!탑%
8087,성에는 네 개의 탑이 있어
8088,몇몇 탑을 열려면 열쇠가 필요할지도 몰라
8089,탑은 성의 네 모퉁이에 있어
8090,!소굴%
8092,몬스터는 던전의 소굴에서 살아
8093,문을 열어봐!
8094,던전에는 몬스터 소굴이 가득해
8095,<0x1F>방%
8100, 몬스터%
8101,널 죽이려 드는 모든 생물
8102,몬스터들이 던전의 불청객을 치워주지
8103,지금 가는 길로 계속 가봐
8104,던전 곳곳에 몬스터가 숨어 있어
8105,<0x1F>생물%
8110,!물웅덩이%
8112,물웅덩이에서 헤엄쳐봐
8113,던전을 탐험해봐
8114,던전 안에 있어
8115,!물%
8117,"던전의 물은 도움이 되기도, 위험하기도 해"
8118,던전을 탐험해봐
8119,던전 안에 있어
8120,<0x1F>강%
8125,"""분수%"
8127,분수의 물을 마셔봐
8128,던전을 탐험해봐
8129,던전 안에 있어
8130,"""수영%"
8132,물에서 살아남는 기술
8133,직접 해보면 배워!
8134,던전의 아무 물웅덩이에서나
8135,"""마시기%"
8137,물 한 모금
8138,분수를 찾아봐
8139,분수에서
8140,"""보물%"
8142,"골드, 무기와 방어구"
8143,던전을 탐험하고 보물 상자를 열어봐
8144,몬스터 소굴과 보물 상자에 있어
8145,<0x1F>전리품%
8150,"""마법@"
8152,강력한 힘이지
8153,마법은 우리 주위 어디에나 있어...
8154,마법은 우리 주위 어디에나 있어...
8155,"""코스믹 포지@"
8157,그게 뭔지는 모르겠어...
8158,모르겠어
8159,모르겠어
8160,"""위험%"
8162,몸에 해로운 것
8163,지금 가는 길로 계속 가봐!
8164,어디에나 있어!
8165,<0x1F>위험한@
8170,"""계단%"
8172,계단은 성의 다른 곳으로 이어져
8173,돌아다니다 보면 분명 보게 될 거야
8174,성 곳곳에 있어서 놓치기 어려워
8175,<0x1F>아래층%
8200, 당신@
8201,나는 재의 뱃사공 카론이다
8202,나는 스틱스 강을 건네주는 자다
8203,나는 스틱스 강을 건네주는 자다
8204,스틱스 강
8205,<0x1F>우리^2우리
8210,<0x1E>카론@
8215,"""죽다^1음"
8217,"죽은 자들의 섬, 죽음의 땅"
8218,"죽은 자들의 섬, 죽음의 땅"
8219,"죽은 자들의 섬, 죽음의 땅"
8220,"""재^0들"
8222,죽은 자의 유해
8223,재를 가져오면 사례금으로 500 골드를 주지
8224,죽은 자는 죽은 자들의 섬에 속한다
8225, 왕@
8226,$<0x0E>
8227,$<0x0E>
8228,그건 스스로 답해야 할 질문이다!
8229,죽음의 땅에서 살아 있는 자다!
8230, 조르피투스@
8231,길을 잃고 혼란에 빠진 영혼
8232,길을 잃고 혼란에 빠진 영혼
8233,그건 스스로 답해야 할 질문이다!
8234,그는 죽었지만 아직도 살아 있다!
8235,<0x1F>마법사@
8240, 레베카@
8241,아! 내게 여왕을 보내준 악마의 아이!
8242,아! 내게 여왕을 보내준 악마의 아이!
8243,그건 스스로 답해야 할 질문이다!
8244,왕을 찾으면 그녀도 멀리 있지 않을 것이다!
8245,<0x1F>악마의 아이@
8250, 여왕@
8251,그녀의 영혼은 복수를 부르짖는다!
8252,그녀의 영혼은 복수를 부르짖는다!
8253,그건 스스로 답해야 할 질문이다!
8254,죽음의 땅에서 그녀를 찾을 수 있을 것이다
8255,!스틱스 강@
8257,스틱스 강
8258,길은 여러 가지가 있다...
8259,우리는 지금 그 강가에 있다...
8260,<0x1F>강@
8265,<0x1E>스틱스@
8270, 뱃^0사공
8271,나는 죽은 자들의 뱃사공이다
8272,나는 재를 죽은 자들의 섬으로 실어 나른다
8273,나는 재를 죽은 자들의 섬으로 실어 나른다
8274,스틱스 강
8300, 당신@
8301,사실 난 애벌레라네...
8302,사실 난 애벌레라네...
8303,연기 한 모금 피울 수 있으면 좋겠군!
8304,성의 늪지대
8305,<0x1F>우리^2우리
8310,<0x1E>애벌레@
8315,"""독버섯%"
8317,"정말 훌륭한 발명품이지, 안 그런가?!"
8318,"어떤 사람은 먹으려 들고, 어떤 사람은 그저 그 위에서 쉬지"
8319,나도 바로 지금 그 위에 앉아 있다네!
8320,<0x1F>버섯%
8325,"""연기@"
8326,$<0x0C>
8327,$<0x0C>
8328,$<0x0C>
8329,$<0x0C>
8330,"""물담뱃대@"
8331,$<0x06>
8332,$<0x06>
8333,$<0x06>
8334,$<0x06>
8335,<0x1F>파이프%
8340, 토끼%
8341,그 녀석은 늦어서 서두르고 있었어!
8342,그 녀석은 늦어서 서두르고 있었어!
8343,벌써 가버렸어!
8344,벌써 가버렸어!
8345,<0x1F>산토끼%
8350,<0x1F>토끼^1들
8355,"""흔적%"
8357,"디-티-디, 토끼 길을 깡충깡충..."
8358,"디-티-디, 토끼 길을 깡충깡충..."
8359,나도 전혀 모르겠어!
8360,<0x1F>길%
8365, 늪%
8367,성의 늪지대...
8368,늪은 위험으로 가득해!
8369,바로 지금 우리가 서 있는 곳이 그 늪이야!
8370,"""펜@"
8372,그냥 평범한 필기용 펜이야
8373,그건 도와줄 수 없어
8374,"펜이 하나 있긴 한데, 내가 써야 해"
8375,"""공식%"
8377,내 파이프가 어디 있는지 계산하는 중이야!
8378,내 파이프가 어디 있는지 계산하는 중이야!
8379,지금 계산하고 있어...
8380,<0x1F>쓰^1기
8385, 병의 신탁@
8386,$<0x08>
8387,$<0x08>
8388,$<0x08>
8389,$<0x08>
8390,<0x1F>신탁@
8395,"""병%"
8397,"병은 없어, 미안해"
8398,모르겠어
8399,병의 신탁 표지판에 병을 놓아두면 돼
8400,"""보관증 번호@"
8401,$<0x07>
8402,$<0x07>
8403,$<0x07>
8404,$<0x07>
8405,<0x1F>보관증 #@
8410,"""38-23-36@"
8411,나한테 말하지 말고 보관 시설 직원에게 말해!
8412,나한테 말하지 말고 보관 시설 직원에게 말해!
8413,나한테 말하지 말고 보관 시설 직원에게 말해!
8414,나한테 말하지 말고 보관 시설 직원에게 말해!
8415,!보관@
8417,요새의 섬에 보관 시설이 있었던 게 기억나!
8418,요새의 섬에 보관 시설이 있었던 게 기억나!
8419,요새의 섬에 보관 시설이 있었던 게 기억나!
8420,<0x1F>요새@
8425,"""회수@"
8427,거기에 그렇게 쓰여 있었어!
8428,보관 시설 직원에게 말해!
8429,보관 시설에 가봐!
8430,"""향@"
8432,*킁킁* 으음! 난 연기 냄새가 정말 좋아!
8433,원하는 대로...
8434,원하는 곳에서...
8435," ""병의 신탁""@"
8436,$<0x08>
8437,$<0x08>
8438,$<0x08>
8439,$<0x08>
8500, 당신@
8501,나는 마이-라이다
8502,나는 보관 시설의 직원이다
8503,지금은 보관할 공간이 더 없다
8504,우리는 요새의 섬에 있다
8505,<0x1F>우리^2우리
8510,<0x1E>마이-라이@
8515,"""보관@"
8517,우리는 물건을 보관한다
8518,지금은 더 둘 공간이 없다
8519,여기 요새의 섬에서 말이다
8520,<0x1F>보관고@
8525,"""회수@"
8526,$<0x01>
8527,$<0x01>
8528,$<0x01>
8529,$<0x01>
8530,"""보관증 번호%"
8532,보관증 #가 없으면 도와줄 수 없다
8533,그건 네가 알고 있어야지!
8534,그건 네가 알고 있어야지!
8535,"""보관증 #@"
8540, 보크@
8541,보크는 경비병 중 하나다
8542,보크는 지루해서 한바탕 싸우고 싶다고 한다
8543,보크는 키가 14인치밖에 안 되지만 코끼리도 던질 수 있다!
8544,보크는 보관고를 지키는 일을 돕는다
8545,!요새@
8547,요새는 보관 시설이다
8548,지금은 더 둘 공간이 없다
8549,여기 요새의 섬에서 말이다
8650, 당신@
8651,나는 사에렌이다!
8652,나는 페어리들의 여왕이다!
8653,우리는 숲에 산다!
8654,마법의 숲이다!
8655,<0x1F>우리^2우리
8660,<0x1E>사에렌@
8665,!어둠의 숲@
8667,$<0x05>
8668,길은 스스로 찾아야 한다
8669,마법의 숲 동쪽에 있다
8670,!숲%
8672,어둠의 숲에 들어가 본 적이 있나?
8673,어둠의 숲에 들어가 본 적이 있나?
8674,어둠의 숲에 들어가 본 적이 있나?
8675,!동굴%
8677,델파이는 어둠의 숲에 있는 동굴에 산다!
8678,동굴을 찾으려면 어둠의 숲을 지나가라!
8679,델파이는 어둠의 숲에 있는 동굴에 산다!
8680, 환영%
8681,델파이를 만났구나!
8682,델파이를 만났구나!
8683,델파이를 만났구나!
8684,델파이를 만났구나!
8685, 델파이@
8686,델파이는 모든 것을 안다!
8687,델파이는 모든 것을 안다!
8688,$<0x06>
8689,델파이는 어둠의 숲에 있는 동굴에 산다!
8690, 페어리%
8691,우리는 페어리다!
8692,우리는 마법의 숲에 산다!
8693,우리는 숲에서 노는 걸 좋아한다!
8694,우리 주위 어디에나 있다!
8695,<0x1F>페어리^1들
9000, 당신@
9001,나는 르몽테스다
9002,나는 성의 탑에 산다
9003,나는 성의 탑에 산다
9004,물론 바로 여기지!
9005,<0x1F>우리^2우리
9010,<0x1E>르몽테스@
9015,!탑%
9017,탑은 정말 음침할 때가 있어 (*한숨*)
9018,탑의 계단을 올라가!
9019,성의 네 모퉁이에 있어
9020,<0x1F>성의 탑%
9025, 선장@
9026,우리 불운한 배의 선장!
9027,칠대양을 누빈 놈 중 가장 지독한 악당이었지!
9028,아래층의 옛 성 병영으로 가
9029,그는 옛 성 병영에 갇혀 있어
9030,!병영%
9032,성의 경비병들이 예전에 지내던 곳
9033,성 아래층으로 내려가
9034,성 아래쪽의 아래층
9035,<0x1F>성 병영%
9040,"""안개%"
9042,강의 안개!
9043,길을 잃기 쉬워
9044,강 어귀에 있어
9045,!바다%
9047,바다는 아주 멀리 있어
9048,강을 거슬러 올라가
9049,육지의 끝에 있어!
9050, 스눕체리@
9051,몽 아미!
9052,"그녀는 하얗고, 커다란 검은 코와 길고 검은 귀가 있어!"
9053,선장이 내 사랑하는 스눕체리를 데려갔어!
9054,선장이 내 사랑하는 스눕체리를 데려갔어!
9055,<0x1F>사랑하는 이@
9060,"""배%"
9062,우리는 배를 타고 이곳에 왔어!
9063,어두운 강을 거슬러 올라가!
9064,강에서 난파했어
9065,<0x1F>난파%
9070,"""강%"
9072,지하의 강!
9073,깊은 아래쪽을 봐!
9074,안개 너머에 있어!
9100, 당신@
9101,나는 퀴퀘그라 불린다
9102,네가 신경 쓸 일이 아니다
9103,누가 알겠나...
9104,"그러게, 우리가 어디 있는 걸까!"
9105,<0x1F>우리^2우리
9110,<0x1E>퀴퀘그@
9115, 르몽테스@
9116,"아! 르몽테스, 그 미친 프랑스인!"
9117,선장이 그의 사랑하는 이를 빼앗아 가서 그가 미쳐 버렸지!
9118,성의 탑으로 올라가
9119,그는 성의 탑에 산다
9120,<0x1F>프랑스인@
9125, 선장@
9126,꽤 불길한 녀석이지
9127,"그는 ""선장의 소굴""의 우두머리다"
9128,"미친 프랑스인이 그를 ""선장의 소굴""에 가뒀다"
9129,"그는 ""선장의 소굴""에 갇혀 있다"
9130,<0x1F>우두머리@
9135,"""미친@"
9136,그 프랑스인은 미쳤다!
9137,선장이 그의 사랑하는 이를 데려갔다!
9138,그가 선장을 가뒀다!
9139,그는 성의 탑에 산다
9140,"""암호%"
9142,암호를 알려주겠다. 하지만 먼저 정보가 필요하다
9143,암호를 알려주겠다. 하지만 먼저 정보가 필요하다
9144,암호를 알려주겠다. 하지만 먼저 정보가 필요하다
9145,"""정보@"
9146,$<0x02>
9147,$<0x02>
9148,$<0x02>
9149,$<0x02>
9150,<0x1F>정보@
9155,"""보물%"
9157,선장은 아주 먼 곳 어딘가에 보물 상자를 묻었다!
9158,바로 그걸 네가 내게 알려줘야 한다!
9159,나도 똑같이 그게 궁금하다!
9160,<0x1F>상자%
9165, 소중한 존재@
9166,르몽테스의 소중한 존재!
9167,그 프랑스인은 아직도 찾고 있다!
9168,선장이 알고 있을지도 모른다!
9169,선장이 그의 사랑하는 이를 데려갔다!
9170,<0x1F>스눕체리@
9175,!소굴@
9177,이 근처에서 악명 높은 수상쩍은 아지트!
9178,들어가려면 암호를 알아야 한다
9179,여기서 멀지 않지만 암호가 필요하다
9180,<0x1F>아지트%
9185,"<0x1E>""선장의 소굴""@"
9190,!거인의 산@
9191,$<0x03>
9192,$<0x03>
9193,$<0x03>
9194,$<0x03>
9195,"<0x1F>""거인의 산""@"
9200,!산%
9202,산은 아주 많다!
9203,산들은 아주 멀리 있다
9204,산들은 아주 멀리 있다
9300, 당신@
9301,내 이름은 미스타파파스다
9302,나는 마법사 조르피투스의 제자였다
9303,나도 처음부터 뱀이었던 건 아니라고!
9304,제정신이냐?!
9305,<0x1F>우리^2우리
9310,<0x1E>미스타파파스@
9315, 조르피투스@
9316,마법사 조르피투스
9317,조르피투스는 강력한 마법사다. 적어도 예전에는...
9318,그의 소굴에 가면 찾을 수 있을 거라 생각한다
9319,그의 소굴에 가면 찾을 수 있을 거라 생각한다
9320,<0x1F>마법사@
9325, 제자%
9326,나는 조르피투스의 제자였다!
9327,마법이나 주문 따위를 조금 건드려 봤지...
9328,왜 그런 걸 하려는 거지?
9329,누가 묻는 거지?
9330,"""마법@"
9332,조르피투스라면 마법에 대해 알 것이다
9333,조르피투스라면 온갖 마법을 가지고 있을 것이다
9334,조르피투스는 자신의 소굴에 마법을 숨겨 둔다
9335,<0x1F>주문%
9340, 뱀%
9341,"난 뱀이다, 그래서 뭐 어쩌라고?!"
9342,뱀으로 사는 것보다 더 나쁜 일도 있겠지...
9343,왜 나한테 묻지? 어쨌든 난 그냥 뱀인데...
9344,왜 나한테 묻지? 어쨌든 난 그냥 뱀인데...
9345,"""배고픔@"
9346,"그럼, 당연히 배고프지!"
9347,"그럼, 당연히 배고프지!"
9348,나처럼 백 년쯤 기다려 봐!
9349,내 말이 그 말이야!
9350, 왕@
9351,"아, 그래. 왕이라..."
9352,"아, 그래. 왕이라..."
9353,모르겠고 관심도 없어!
9354,모르겠고 관심도 없어!
9355,!소굴%
9357,그 소굴은 조르피투스가 사는 곳이다
9358,소굴 입구를 여는 마법 반지가 있다
9359,"마법사의 소굴은 성 아래, 해골 문 근처에 있다"
9360,"""펜@"
9362,그 저주받을 펜!
9363,"모르겠지만, 그게 아직도 있다면 난 여기서 나가고 싶어!"
9364,"모르겠지만, 그게 아직도 있다면 난 여기서 나가고 싶어!"
9365,<0x1F>코스믹 포지@
9370,"""재앙@"
9372,코스믹 포지의 재앙!
9373,그 펜을 쓰기만 하면 돼!
9374,그 펜을 쓰기만 하면 돼!
9375,!해골 문@
9377,해골 문은 죽음으로 내려가는 길이다!
9378,해골 문을 열려면 두 개의 보석이 필요하다
9379,"해골 문은 성 아래, 마법사의 소굴 근처에 있다"
9380,"""보석%"
9382,해골 문을 열려면 보석 두 개가 필요하다는 건 안다
9383,조르피투스가 죽음을 봉인하려고 그것들을 숨겼다
9384,조르피투스가 죽음을 봉인하려고 그것들을 숨겼다
9385,"""죽음@"
9387,해골 문 너머의 죽음!
9388,해골 문 너머에서 죽음이 기다린다!
9389,해골 문 너머에서 죽음이 기다린다!
9390,"""반지%"
9392,마법사는 반지로 자신의 소굴을 열었다!
9393,조르피투스는 마법 반지를 가지고 있다
9394,조르피투스는 마법 반지를 가지고 있다
9395, 여왕@
9396,왕의 여왕!
9397,아무래도 파충류 애호가인가 보군!
9398,그녀에게 무슨 일이 있었는지는 모르겠어...
9399,그녀에게 무슨 일이 있었는지는 모르겠어...
9500, 당신@
9501,다들 날 스미티라고 부른다네!
9502,"난 식당 사업가라구! 음식도 만들고, 돈 되는 건 쇠도 두들겨 고치지!!"
9503,난 이 광산을 집 삼아 살지
9504,그건 자네가 말해줘!
9505,<0x1F>우리^2우리
9510,<0x1E>스미티@
9515,!광산%
9517,우린 늘 이 광산에서 땅만 파온 것 같구먼...
9518,여기 길을 익히려면 시간이 좀 걸리지
9519,자넨 지금 광산 안에 있다네!
9520,"""채굴^0하기"
9522,뭘 캐는지도 모르겠구먼! 이젠 아무도 모르는 것 같아!
9523,왜 그런 걸 하려는 건가?
9524,이 근처에선 안 돼! 이미 우리가 찜해 둔 곳이거든!
9525,"""음식@"
9527,으음... 먹을 것이라... 난 제법 솜씨 좋은 요리사라네!
9528,간판도 안 읽어봤나??
9529,바로 여기서 살 수 있다네!
9530,<0x1F>그릴@
9535,<0x1E>요리사@
9540,"""단조^1하기"
9542,내 대장간으로 물건을 고치고 수리할 수 있지!
9543,"물론 손볼 물건이 있어야 하지, 무슨 말인지 알겠나..."
9544,바로 여기 물건을 고칠 대장간이 있다네!
9545,<0x1F>수리^0하기
9550,"""스프로킷%"
9552,일단 하나 직접 봐야 알겠는데...
9553,"내게 줘봐, 한번 살펴보지..."
9554,가지고 있다면 내게 보여줘...
9555,"""간판@"
9557,"자네도 알잖나, 스미티의 대장간 겸 그릴!"
9558,문 바로 밖에 있다네!
9559,문 바로 밖에 있다네!
9560, 이방인%
9561,그걸 알면 이방인이 아니지!!
9562,쉿! 이 근처에 이방인들이 나타났다는 얘길 들었다네!
9563,모르겠는데... 요즘 수상한 사람 본 적 있나?
9564,모르겠는데... 요즘 수상한 사람 본 적 있나?
9600, 당신@
9601,나는 바위의 수호자다!
9602,나는 바위의 수호자다!
9603,무엇을 원하는가?
9604,무엇을 원하는가?
9605,<0x1F>우리^2우리
9610,<0x1E>수호자@
9615,"""바위%"
9616,$<0x07>
9617,$<0x07>
9618,$<0x07>
9619,$<0x07>
9620,"""보석%"
9621,$<0x07>
9622,$<0x07>
9623,$<0x07>
9624,$<0x07>
9700, 당신@
9701,나는 아마줄루의 여왕이다!
9702,나는 아마줄루의 여왕이다!
9703,나는 마우-무-무의 신전을 다스린다!
9704,마우-무-무의 신전!
9705,<0x1F>우리^2우리
9710,<0x1E>여왕@
9715, 아마줄루%
9716,우리는 신전의 백성이다
9717,우리는 마우-무-무의 신전을 지킨다
9718,우리는 마우-무-무의 신전을 지킨다
9719,우리는 마우-무-무의 신전을 지킨다
9720,!신전@
9722,마우-무-무의 신전
9723,우리는 신전의 높은 꼭대기에 있다
9724,마우-무-무의 발치에 있다!
9725,<0x1F>피라미드@
9730,<0x1E>성지%
9735, 선택받은 자@
9736,네가 신경 쓸 일이 아니다!
9737,마우-무-무에게 선택받은 자들!
9738,마우-무-무가 너를 선택해야만 한다!
9739,우리는 마우-무-무의 신전을 지킨다
9740, 마우-무-무@
9741,바위의 수호자!
9742,바위의 수호자!
9743,불타는 길을 걸어라!
9744,그는 불의 웅덩이에 산다!
9745,<0x1F>수호자@
9750,!웅덩이@
9752,불의 웅덩이는 마우-무-무의 보금자리다!
9753,불타는 길을 걸어라!
9754,불타는 길의 끝에 있다!
9755,<0x1F>용광로@
9760,<0x1E>뜨거운@
9765,"""길@"
9767,마우-무-무에게 이르는 길!
9768,선택받은 자만이 그 길을 걸을 수 있다!
9769,신전과 불의 웅덩이 사이의 길
9770,"""바위%"
9771,$<0x09>
9772,$<0x09>
9773,$<0x09>
9774,$<0x09>
9775,"""보석%"
9776,$<0x09>
9777,$<0x09>
9778,$<0x09>
9779,$<0x09>
9780, 희생^0됨
9781,넌 제물로 딱 좋겠구나!
9782,마우-무-무께서 희생을 요구하신다!
9783,마우-무-무께서 결정하실 것이다!
9784,불의 웅덩이에 희생된다!
9785,"""선물%"
9787,선물을 내 앞에 내려놓아라!
9788,선물을 내 앞에 내려놓아라!
9789,선물을 내 앞에 내려놓아라!
9790,<0x1F>제물%
9900, 당신@
9901,나는 마우-무-무의 대사제 쿠왈리 쿠보나다!
9902,나는 마우-무-무의 대사제 쿠왈리 쿠보나다!
9903,우리는 마우-무-무의 신전에 산다!
9904,우리는 마우-무-무의 신전에 산다!
9905,<0x1F>우리^2우리
9910,<0x1E>대사제@
9915,<0x1D>쿠왈리@
9920,"""거래%"
9922,내가 제대로 대접해 줄게!
9923,내가 제대로 대접해 줄게!
9924,내가 제대로 대접해 줄게!
9925,<0x1F>거래@
9930,"""대접@"
9932,누구에게나 맞는 게 있어!
9933,누구에게나 맞는 게 있어!
9934,누구에게나 맞는 게 있어!
9935, 불같은 녀석@
9936,쉿! 마우-무-무가 들을지도 몰라!
9937,쉿! 마우-무-무가 들을지도 몰라!
9938,마우-무-무는 불의 웅덩이에 살아!
9939,마우-무-무는 불의 웅덩이에 살아!
9940,<0x1F>마우-무-무@
9945,"""엉덩이%"
9947,"있잖아, 우리끼리 작은 불꽃 하나 피워볼래..."
9948,"있잖아, 우리끼리 작은 불꽃 하나 피워볼래..."
9949,"있잖아, 우리끼리 작은 불꽃 하나 피워볼래..."
9950,"""불%"
9952,하지만 먼저 네 가치를 증명해야 해!
9953,하지만 먼저 네 가치를 증명해야 해!
9954,하지만 먼저 네 가치를 증명해야 해!
9955,"""증명@"
9957,불의 웅덩이에 들어가서!
9958,불의 웅덩이에 들어가서!
9959,불의 웅덩이에 들어가서!
9960,!웅덩이@
9962,"불의 웅덩이, 마우-무-무의 보금자리!"
9963,"불의 웅덩이, 마우-무-무의 보금자리!"
9964,"불의 웅덩이, 마우-무-무의 보금자리!"
9965, 여왕@
9966,여왕은 속옷을 안 입고 있어!
9967,여왕은 속옷을 안 입고 있어!
9968,쉿! 바로 우리 뒤에 계셔!
9969,쉿! 바로 우리 뒤에 계셔!
10000,추락하여_죽었습니다
10010,"자신 있게 성문으로 다가선다,"
10011,상황이 너무 험악해지면 언제든 
10012,^뒤돌아 밖으로 도망칠 수 있으니까...
10020,흐음...
10030,당신은 성의 현관에 들어섰다.
10031,안은 텅 빈 듯하고 바닥에는
10032,^두꺼운 먼지가 내려앉아 있다.
10033,@멀리 떨어진 복도에서 작은 발소리가
10034,메아리친다. 이곳의 침입자는 바로
10035,^당신이라는 사실을 일깨워 준다...
10050,썩은 목재만이 방 안에 흩어진
10051,부서진 가구의 흔적으로
10052,^남아 있다.
10055,썩은 가구 더미가 방 안 곳곳에
10056,널려 있다. 중앙에는 거대한 나무 탁자의
10057,"잔해가 놓여 있어, 이곳이 한때"
10058,회의실이었음을 짐작게 한다.
10060,부서진 의자 몇 개가 한때 우아했던
10061,응접실 바닥에 뭉쳐 있다.
10065,이제 텅 빈 이 방에는 먼지와 거미줄만
10066,^남아 있다.
10070,상자의 금속 표면에 반듯하게
10071,^다음과 같은 글이 새겨져 있다:
10072,<0x01><0x02><0x02><0x02><0x02><0x02><0x02><0x02><0x02><0x02><0x02><0x02><0x02><0x02><0x03>
10073,<0x04>나를 먼저 열어라<0x05>
10074,<0x06><0x07><0x07><0x07><0x07><0x07><0x07><0x07><0x07><0x07><0x07><0x07><0x07><0x07><0x08>
10080,상자 안에는 몇 가지 물건과
10081,^다음과 같이 적힌 두루마리가 있다:
10082,"@치료는 두 번,"
10083,"치유는 세 번,"
10084,그대를 위한 생명 하나
10085,일곱 번
10090,상자의 금속 표면에 반듯하게
10091,^다음과 같은 글이 새겨져 있다:
10092,<0x01><0x02><0x02><0x02><0x02><0x02><0x02><0x02><0x02><0x02><0x02><0x02><0x02><0x02><0x02><0x03>
10093,<0x04>나를 두 번째로 열어라<0x05>
10094,<0x06><0x07><0x07><0x07><0x07><0x07><0x07><0x07><0x07><0x07><0x07><0x07><0x07><0x07><0x07><0x08>
10100,상자 안에는 금화 몇 닢과
10101,"^검 한 자루, 그리고 이렇게 적힌 두루마리가 있다:"
10102,@마음속
10103,좁은 복도를
10104,경계하라
10110,상자 안에는 열쇠 몇 개와
10111,"^지팡이 하나, 그리고 이렇게 적힌 두루마리가 있다:"
10112,@마음속
10113,총알받이를
10114,경계하라
10120,맨돌 선반이 벽을 따라 늘어서 있다.
10121,^한때 식료품 저장실이었던 곳이다.
10130,한때 이 대연회를 빛내던 장엄한 화려함은
10131,오래전에 사라졌다. 반백 명은
10132,거뜬히 앉힐 만큼 길었던 식탁의
10133,썩은 시체 같은 잔해가 이제
10134,^바닥 위에서 무너져 가고 있다.
10140,낡은 돌 화덕과 쓰러진 선반은
10141,한때 왕실 연회가 준비되던 주방임을
10142,"말해 준다. 이제 요리사는 ""시간""이고"
10143,주방 자체가
10144,^그 식사가 되어 버렸다.
10150,얼룩지고 썩은 섬유 조각들이 벽에
10151,달라붙어 있다. 한때 화려한 태피스트리가
10152,이 공식 집무실에서 왕권의 위엄을
10153,"선포했지만, 이제는 음산한 조롱만 남았다."
10154,방 높은 곳에 자리했던 강대한 왕좌의
10155,달콤했던 권세는 오래전에
10156,"시들어 썩었고, 이제 그 왕좌는"
10157,스스로의 마지막 선고 속에서 쇠락한다. 
10158,이 몰락한 방과
10159,"빛바랜 왕좌에 내려질 마지막 심판이 있다면,"
10160,그 답은 왕좌가 놓인 단 위에서
10161,스스로 집어삼키는 부패 속에서
10162,"찾아야 할 것이다. 곪고 썩어 가며,"
10163,공허와 오물과 악취를
10164,"증언하고, 말없이 눈물을 흘린다."
10165,^자신의 유린된 잔해로 만든 눈물을.
10180,무너진 책상과 의자 몇 개가 이 왕실의
10181,사적인 방 바닥에 널브러져 있다. 틀림없이
10182,상담과 값비싼 흥정이 오가던
10183,^장소였을 것이다.
10190,책상의 잔해를 뒤지자
10191,찢어진 오래된 양피지 한 장을 발견한다.
10192,^거기에는 이렇게 적혀 있다:
10193,"@""교구대리와 그의 정부를 소환함, "
10194, 딸 레베카를 넘긴 대가로 
10195," 금화 100닢을 지급...""   "
10196,@문서의 나머지 부분은
10197,^사라졌거나 읽을 수 없다.
10200,이 작은 방도 다른 곳처럼
10201,"황폐해 보이지만, 바닥을 뚫고 솟은"
10202,기묘한 돌출물에는
10203,정체불명의 존재가 최근에
10204,^침입한 흔적이 남아 있다.
10210,돌출물을 살펴보니
10211,들뜬 바닥돌 몇 군데 둘레에
10212,^말라붙은 올리브색 점액이 보인다.
10220,<0x01><0x02><0x02><0x02><0x02><0x02><0x02><0x02><0x02><0x02><0x02><0x02><0x02><0x02><0x02><0x02><0x02><0x02><0x02><0x02><0x02><0x02><0x02><0x03>
10221,<0x04>   문을 닫아 둘 것   <0x05>
10222,<0x04> 영업 시간 중에는 <0x05>
10223,<0x06><0x07><0x07><0x07><0x07><0x07><0x07><0x07><0x07><0x07><0x07><0x07><0x07><0x07><0x07><0x07><0x07><0x07><0x07><0x07><0x07><0x07><0x07><0x08>
10230,가까운 곳 어디선가 바스락거리거나 날갯짓하는
10231,소리가 들린다. 어쩌면
10232,탑 어딘가에서 내려오는 바람 소리일
10233,^뿐인지도 모른다...
10240,"앞쪽 모퉁이 너머에서 무언가 ""쿵"" 하는"
10241,^소리가 들렸다...
10245,앞쪽 계단을 뛰어 올라가는
10246,발소리가 요란하게 들린다! 
10250,탑 바닥에 빵 부스러기 몇 조각이
10251,"흩어져 있고, 바람에 살랑살랑"
10252,^날려 가는 것이 보인다...
10253,%%]갑자기 오른쪽에서 문이 쾅 닫힌다!
10260,문 뒤에서 아주
10261,기묘한 소리가 들린다. 마치
10262,무언가가 문에 몸을 바짝 대고
10263,^거칠게 숨 쉬는 듯하다...
10270,무언가 잘못되었다는 느낌이 든다...
10271,%%!누군가 당신을 지켜보고 있다...
10272,%%]위를 올려다보니 수많은 박쥐가
10273,머리 바로 위
10274,^탑의 서까래에 조용히 매달려 있다... 
10275,%%%]!갑자기 박쥐들이 공격한다!
10290,갑자기 탑의 서까래 하나가 무너진다!
10295,서까래를 살펴보아도 떨어진 들보가
10296,"함정이었는지, 아니면"
10297,지지 목재가 썩어서
10298,^저절로 떨어진 것인지는 알 수 없다...
10300,이 작은 탑 방에는 오래된 잔해가
10301,"산더미처럼 쌓여 있으며, 대부분 심하게"
10302,^썩어 보인다.
10310,아직 쓸 만해 보이는 활과
10311,^화살 몇 개를 발견했다...
10315,때가 덕지덕지 낀 낡은 상자를 발견했다!
10320,곰팡이가 핀 낡은 가죽 흉갑을
10321,발견했다. 닳기는 했지만 아직
10322,^쓸 만해 보인다...
10330,353600
10331,시체를 자세히 조사한다
10332,시체를 탑 밖으로 밀어 떨어뜨린다
10333,시체를 그대로 둔다
10340,악취를 풍기는 정체불명의 시체가
10341,"탑 가장자리, 바로"
10342,해자를 내려다보는 곳에 놓여 있다. 너무 썩어
10343,무엇이었는지 알아볼 수도 없고
10344,^어떻게 죽었는지도 알 수 없다.
10350,시체를 탑 가장자리 너머로
10351,밀어 떨어뜨린다. 잠시 뒤 해자에 닿는
10352,^희미한 첨벙 소리가 들린다.
10355,시체를 움직이자 끔찍한
10356,"악취가 몸에서 터져 나와,"
10357,모두가 썩어 문드러진
10358,^시체의 악취를 고스란히 뒤집어쓴다.
10360,남쪽을 바라보면 성문 너머 저 멀리
10361,푸른빛을 띤
10362,^산맥이 보인다.
10370,동쪽에는 늪지의 끝자락이 보인다.
10371,차갑고 음울한 그곳은
10372,악의 땅을 예고하는 듯하다. 어쩌면
10373,악마와 마녀에 관한 이야기도 단순한 소문만은
10374,^아닐지도 모른다...
10380,"탑 가장자리 너머 북쪽을 바라보면,"
10381,숲이 시야 끝까지
10382,^끝없이 펼쳐져 있다.
10390,서쪽 멀리 불타는 구덩이들에서
10391,연기 기둥이 솟아오른다. 오래전에 끝났어야 할
10392,^시대가 아직 남아 있음을 증언하듯...
10400,"낡은 뼛조각들이 땅에 흩어져 있고,"
10401,짙은 붉은 얼룩이 흙을 물들이고 있다. 
10410,짓이겨진 두개골의 목구멍 안에
10411,박힌 기묘한 열쇠를 발견한다. 마치
10412,죽은 자가 마지막 순간 그것을 삼키려
10413,^했던 것처럼...
10420,"모두가 ""쿵!"" 소리와 함께 거칠게 착지한다."
10425,앞쪽 문의 쇠창살 안에서
10426,^무언가 움직이는 것이 보인다...
10430,문 너머로 빠른 움직임이 다시 한 번
10431,^번쩍 스쳐 지나간다...
10432,%%]희미한 움직임만 보이더니
10433,그것이 문을 가로질러 쏜살같이 달려들어
10434,^일행을 공격한다...
10435,%%
10500,문 뒤에서 기묘한 목소리가
10501,^들려온다:
10502,"!%""꺼져!"""
10503,"@내가 말했잖아, ""꺼지라고!!"""
10504,"%!""누구든 난 밖으로 안 나가,"
10505,"그리고 날 억지로 끌어낼 수도 없어!"""
10510,$스눕체리
10511,$연인
10515,"""스눕체리를 찾았다고?!"""
10516,"%!""그걸 왜 진작 말하지 않았어!!"""
10517,"%""들어와, 어서 들어와!"""
10600,"수많은 세월 동안 썩어 갔음에도,"
10601,이 옛 거처의 장엄함은 아직도
10602,"느껴지며, 이곳이"
10603,주인의 침실이었음이 분명하다.
10604,틀림없이 성의 영주가
10605,이곳을 개인 거처로 썼으리라. 벽에는
10606,손으로 그린 벽화가 파노라마처럼 펼쳐지고
10607,구석구석과 건축 곳곳에
10608,숙련된 장인의 솜씨가 배어 있다.
10609,이 어두운 폐허 속에서도 한때 이곳을
10610,빛냈던 경이로운 화려함의 흔적이
10611,^아직 조금은 살아 있다.
10612,거대했던 침대의 썩은 잔해가
10613,"먼 벽에 기대어 주저앉아 있고,"
10614,가구의 잔해가 방
10615,^곳곳에 흩어져 있다.
10620,썩은 선반과 부패한 책들이
10621,한때 도서관이자 서재였던 이 방의
10622,벽 주변 바닥에 무너져 있다.
10623,앞쪽 벽에는 부서져 주저앉은
10624,책상이 있다. 대부분의
10625,책은 완전히 삭아
10626,읽을 수 없다. 하지만 몇 권은
10627,제목을 알아볼 수 있어
10628,^살펴본다:
10629,"@!""세상의 역사"""
10630,"@!""아카데미아 마테마티카"""
10631,"@!""2주 만에 15파운드 감량"
10632,"^ 그리고 유지하는 법"""
10633,"@!""마법에 관한 이야기"""
10634,"@이 가운데 그나마 볼 만한 것은 마지막 두 권뿐이지만,"
10635,안타깝게도 둘 다
10636,썩어 새까맣게 변해
10637,건질 내용이라곤
10638,흥미로운 양배추 요리법 정도뿐이다. 
10640,252500
10641,뒤로 물러나 철사를 당긴다
10642,몸을 낮추고 철사를 당긴다
10643,철사를 건드리지 않는다
10645,책상 잔해를 뒤지다가
10646,책상에서 벽 안으로 이어지는
10647,^철사 한 가닥을 발견한다...
10650,비밀 보관함을 작동시켰다!
10652,보석함을 열자 열쇠 하나와
10653,작은 책 한 권이 나온다. 책은
10654,"상태가 양호하며, 일기나"
10655,수첩 같은데
10656,^해독할 수 없는 기묘한 암호로 쓰여 있다.
10660,썩은 간이침대 몇 개와 낡은 화분 하나만이
10661,이곳에 남아 있다. 이 소박한 방을 보자
10662,아이를 밴 시녀에 관한
10663,이야기가 떠오른다. 그 아이는
10664,왕의 사생아라는 소문이
10665,돌았다. 아무것도 증명되지는
10666,"않았지만, 왕은"
10667,그녀가 14살이던 해 내내
10668,매주 한 번씩 밤에 그녀의 침실을 찾았다고 한다.
10669,왕비는 끈질기게
10670,둘의 현장을 잡으려 했지만
10671,"끝내 성공하지 못했고, 곧"
10672,왕에게 벽을 통과할 수 있는
10673,^비밀스러운 마법의 힘이 있다는 소문이 돌았다.
10680,이 방은 텅 빈 벽에
10681,"가구도 없고, 몇 개의"
10682,^썩은 간이침대만 남아 있어 무척 황량하다.
10690,이 방은 한때 아름다운 응접실이었다.
10691,장식용 가구와 화사하게
10692,"칠한 벽이 있었지만, 이제 색은"
10693,바래 칙칙해졌고 의자도
10694,^모두 먼지가 되어 버렸다.
10700,낡은 나무 탁자와 의자 몇 개가
10701,"방 중앙에서 썩어 가고 있으며,"
10702,깨진 술병 조각과
10703,^돌무더기가 바닥을 뒤덮고 있다.
10705,기묘하게 생긴 검은 열쇠 두 개가 달린
10706,고리를 발견한다. 각 열쇠의 손잡이는
10707,^작은 삽 모양이다.
10710,인상적인 이 방은
10711,손님방으로 쓰였던 듯하다.
10712,그렇게 짐작할 수 있는 것은 문 뒤의
10713,^작은 표지판에 이렇게 적혀 있기 때문이다:
10714,@<0x01><0x02><0x02><0x02><0x02><0x02><0x02><0x02><0x02><0x02><0x02><0x02><0x02><0x02><0x02><0x02><0x03>
10715,<0x04>퇴실 오전 10시<0x05>
10716,<0x06><0x07><0x07><0x07><0x07><0x07><0x07><0x07><0x07><0x07><0x07><0x07><0x07><0x07><0x07><0x07><0x08>
10720,방에 들어서자 벽을 뒤덮은
10721,"설화석고 조각에 천사와 장미,"
10722,덩굴이 새겨져 있다. 회반죽은
10723,"오래전에 어두워졌지만,"
10724,장식의 정교함은 아직도
10725,감탄할 만하다. 세 사람의 키를
10726,합친 것보다도 넓었던
10727,침대의 화석 같은 잔해가
10728,"바닥에 무너져 있고, 방"
10729,곳곳에는 한때 가구였던
10730,썩은 목재 더미가 흩어져 있다. 이곳은
10731,틀림없이 왕비가 쓰던
10732,방이었을 것이다. 그러고 보면
10733,젊은 남자들과 벌였다는 그녀의 기묘한
10734,^의식에 관한 소문도 사실이었을지 궁금해진다.
10740,한때 밝게 칠한 벽이
10741,이 작은 내실을 돋보이게 했다. 원래의
10742,광택은 사라졌지만 아직도
10743,밝고 화사한 분위기가 남아 있다. 
10750,상자 안에서 꽤 충격적인
10751,"물건을 발견한다. 뭐랄까, 방어구 비슷한 것이다."
10752,광택 나는 단단한 검은 가죽으로 만든
10753,"무거운 브래지어처럼 보이며, 가장자리에는"
10754,날카롭고 뾰족한 금속 징이
10755,둘러져 있다. 용도가
10756,"명확하지는 않지만,"
10757,입는 사람이 적절하다면 어떤 종류의
10758,"(*흠*) 매력을 발휘할 ""잠재력""은"
10759,"있어 보인다. 그런데 더욱 이해하기 어려운 것은,"
10760,이 기묘한 브래지어와 함께
10761,상자 바닥에 묻혀 있던
10762,"긴 검은 채찍이다. 흠, 이런 물건들이 대체"
10763,^왕비의 내실에 왜 있었던 걸까?
10770,염소 머리로 만든 듯한
10771,기묘한 가면을 발견한다. 부패한
10772,흔적은 있지만 그 외에는
10773,상태가 꽤 온전하다. 가면과 함께
10774,"매우 화려한 단검 하나가 상자에 놓여 있는데,"
10775,금으로 만든 듯하다.
10776,자루에는 보석 몇 개가 박혀 있고
10777,아래쪽에는 룬 문자 두 개가 새겨져 있다.
10790,차가운 바람이 문의 쇠창살 사이로
10791,몰아친다. 마치 문 너머 어딘가에서
10792,성 안으로 바람이 불어오는 듯하다.
10793,멀리서 꽤 섬뜩한
10794,"울음소리 같은 것이 메아리치지만,"
10795,아마 이것 역시
10796,^바람 소리일 것이다.
10800,썩은 상자들이 바닥에
10801,한데 무너져 쌓여 있다. 안에
10802,무엇이 들어 있었든 이미 오래전에
10803,^먼지가 되어 버렸다.
10810,"거대한 돌 제단이 바닥에서 솟아 있으며,"
10811,룬 문자와 악마 형상이
10812,새겨져 있다. 기괴한 형상들이
10813,"이상한 의식을 벌이는 모습이 있고, 표면에는"
10814,짙은 붉은 얼룩이 남아 있다. 소름 끼치는
10815,"장면들은 공포스러운 이야기를 그려 내며,"
10816,그 불경한 목적을 냉혹하게 드러낸다. 
10817,이 형상들은 한때 이 성에 있었던
10818,게일풍의 낭만이라는 환상을 잔인하게 깨뜨린다.
10819,그 순수함은 충격적인
10820,^현실의 악몽에 집어삼켜졌다.
10830,어떤_제단_문양을_누를까요}
10831,11020
10832,불타는 구체
10833,염소 머리
10834,마법 지팡이
10835,없음 (나가기)
10840,불길한 석판을 살펴보자
10841,제단 안으로 눌러 넣을 수 있는 특별한 문양
10842,세 개가 보인다. 일종의 스위치처럼 작동하는 듯하다.
10843,"문양은 각각 불타는 구체,"
10844,"염소 머리, 그리고 지팡이다."
10850,2600
10851,제단 구덩이로 뛰어든다
10852,제단을 그대로 둔다
10855,제단 표면이 열리며
10856,어둠 속 아래로 이어지는 구덩이가
10857,^드러난다...
10860,제단 표면이 내려가기 시작한다!
10865,구덩이로 뛰어든다!
10870,아래쪽을 내려다보는
10871,발코니 위에 서 있다. 가장자리 너머를
10872,바라보니 제단 하나가 보인다.
10890,"계단 아래에서 섬뜩한 울음소리가 들려온다,"
10891,"!""OOOOEEEEEEEOOOOOOOOOOO"""
10895,문은 새까맣고
10896,상당히 무거워 보인다. 문 한가운데에는
10897,^검은 쇠삽이 볼트로 고정되어 있다.
10900,성의 첨탑 안에는 수많은 세월이 지났는데도
10901,"침대와 탁자, 의자가"
10902,온전하게 남아 있다. 침대에는 오래된
10903,털과 썩은 살점이
10904,"남아 있는데, 아마도 최근 당신이"
10905,^안식을 준 시체의 흔적일 것이다.
10910,커다란 수직 통로 위쪽을 올려다보지만
10911,어둠밖에 보이지 않는다. 하지만 바닥에는
10912,작은 설치류들의 사체와
10913,"핏자국 몇 점, 그리고"
10914,위에서 떨어진 듯한 배설물이
10915,^남아 있다.
10920,333700
10921,줄을 잡고 종탑 안으로 뛰어든다
10922,줄을 타고 종탑 건너편으로 건너간다
10923,줄 & 종을 그대로 둔다
10930,커다랗고 검게 그을린 종이 종탑 꼭대기에
10931,소리 없이 매달려 있다. 검댕 낀 곰팡이와
10932,박쥐 배설물 자국이
10933,곳곳을 덮고 있다. 굵고 긴 밧줄이
10934,"종에서 수직 통로 아래로 내려가며,"
10935,그 밧줄을 잡고 뛰어들면
10936,종을 울릴 수 있다. 또한 이 밧줄이
10937,^통로 건너편으로 가는 유일한 방법인 듯하다.
10940,~<0x19>!BONG!   
10941,~<0x19>!   BONG!
10950,종소리가 종탑의
10951,주민들을 깨웠다!
10952,%!박쥐들이 몰려온다!!
10960,<0x01><0x02><0x02><0x02><0x02><0x02><0x02><0x02><0x02><0x03>
10961,<0x04> 항상 <0x05>
10962,<0x04> 종탑을 <0x05>
10963,<0x04> 닫아둘 것 <0x05>
10964,<0x06><0x07><0x07><0x07><0x07><0x07><0x07><0x07><0x07><0x08>
10970,상자 안에는 길고 굵은 종줄이
10971,한 타래 들어 있다. 꽤
10972,^튼튼하고 쓸 만해 보인다.
11000,이 작은 방의 벽에는 한때 무기 거치대가
11001,"늘어서 있었지만, 이제는"
11002,무너져 썩어 버렸다.
11003,맞은편 벽에는 잔해 더미가
11004,^쌓여 있다.
11010,커다랗고 두꺼운 천막이
11011,거대한 상자 같은 것을 감싸고 있다.
11012,"둘 다 썩어 문드러졌고,"
11013,그 아래로 단단한 사람 형체의 윤곽이
11014,^선명하게 비친다.
11020,너덜너덜한 천막의 잔해를
11021,"상자와 그 내용물에서 조심스럽게 걷어 내자,"
11022,죽은 기사처럼 보이는
11023,시체가 나타난다. 하지만 곧
11024,그것이 무기고의 갑옷 전시용 인형이라는 걸
11025,깨닫는다. 성이 버려질 때
11026,^그대로 남겨진 모양이다.
11027,@장비를 살펴본 끝에
11028,상태 좋은 사슬 갑옷 한 벌과
11029,^문장이 새겨진 방패를 건진다.
11040,방 안에는 시체들이
11041,여기저기 널브러져 있다. 얼핏 보기에는
11042,^모두 죽은 듯하다...
11043,"@갑자기 큰 소리가 들린다,"
11044,"%!""ZZZZZZZ....   ZZZZZZZZ....."""
11045,%%%]갑자기 문이 쾅 닫힌다!
11046,"%%!걸걸한 목소리가 으르렁거린다,"
11047,"""야 너! 내 발에서 당장 내려!!"""
11050,이 지저분한 소굴 안은 짙은 연기로
11051,가득하다. 탁자마다
11052,에일 병이나 김 나는 술잔을 움켜쥔
11053,"온갖 험상궂은 도둑, 악당,"
11054,"산적, 해적,"
11055,살인자들이 한 지붕 아래
11056,^죄다 모여 있다.
11057,당신이 방에 들어서는 순간 모든 움직임이
11058,"뚝 멎고, 모든 시선이 당신에게"
11059,꽂히며 죽음 같은 침묵이 흐른다...  
11060,"@탁자들을 훑어보니, 단"
11061,1초 만에도 놀랄 만큼 많은 것이 눈에 들어온다.
11062,"금화 더미,"
11063,"카드 패의 그림, 심지어"
11064,주사위 한 귀퉁이의 흠집까지. 그리고
11065,당신을 노려보는 온갖 험악한 얼굴의
11066,^사소한 특징까지 전부 보인다.
11067,@죽을지도 모른다고 생각하기까지 남은
11068,"그 짧은 순간,"
11069,이 상황의 무언가가 마치
11070,비밀이나 임박한 죽음에서 벗어날
11071,해답을 알려 주려는 듯 도드라진다.
11072,"바로 그런 순간, 당신은"
11073,얼굴들과 악취와 연기에서 시선을 돌려
11074,방 건너편을 바라보다 기묘한 광경을 본다.
11075,강철 창살 뒤에 꼿꼿이 세워진 채
11076,뒤틀린 미소인지 찡그림인지 모를 표정을 짓고 있는
11077,보존된 남자의 형상이다.
11078,그는 진홍색 연미복과
11079,"흰 주름 셔츠, 파란 반바지,"
11080,"검은 삼각모를 쓰고 있으며,"
11081,검고 곱슬거리는 머리카락이 2피트나 늘어져 있다.
11082,"한쪽 눈을 가린 검은 안대도,"
11083,"어깨 위에 놓인 박제된 초록 앵무새도,"
11084,그 기묘한 얼굴에 들러붙은
11085,괴상한 표정도 당신의 시선을 붙드는 것은 아니다.
11086,진짜 눈길을 끄는 것은
11087,"오른팔, 손이 있어야 할 자리에"
11088,번쩍이는 강철로 만든
11089,^매끈한 갈고리가 튀어나와 있다는 점이다.
11090,@잠시 넋을 놓을 시간은 그게 전부였다.
11091,갑자기 크고 뚱뚱하고
11092,냄새나고 기름진 두꺼비 같은 돼지놈이
11093,"^당신 앞에 벌떡 서서 트림을 한다,"
11094,"@""난 캡틴 메이티다!"""
11100,문 안쪽에는 갈고리손 해적의
11101,보존된 시체가 노려보고 있다. 가까이서 보니
11102,^더욱 섬뜩하다.
11110,문이 잠겨 있던 데에는
11111,그럴 만한 이유가 있었던 모양이다. 시체를 건드리자
11112,재와 뼈 더미로
11113,"무너져 내리고, 외투와"
11114,"삼각모, 박제 앵무새, 안대,"
11115,그리고 물론 불길한
11116,^강철 갈고리만 남는다.
11120,"이곳은 병영이었던 듯하지만,"
11121,이제는 부서져 썩은
11122,^간이침대밖에 없다.
11130,썩어 버린 부서진 간이침대로 가득한
11131,^병영일 뿐이다.
11132,%%!잠깐!...
11133,%%무슨 소리를 들었다...
11140,<0x01><0x02><0x02><0x02><0x02><0x02><0x02><0x02><0x02><0x02><0x02><0x02><0x02><0x02><0x02><0x02><0x02><0x02><0x03>
11141,<0x04>  선장의 소굴  <0x05>
11142,<0x04>  무단침입 금지 <0x05>
11143,<0x06><0x07><0x07><0x07><0x07><0x07><0x07><0x07><0x07><0x07><0x07><0x07><0x07><0x07><0x07><0x07><0x07><0x07><0x08>
11150,"문에 난 작은 틈이 열리고,"
11151,"^그 뒤에서 거친 목소리가 중얼거린다,"
11152,"%!""암호가 뭐냐, 친구?"""
11155,해골 선원단
11160,"%""좋아..."""
11161,"%!""들어와...."""
11165,"%""그게 아니잖아!"""
11166,"%!""꺼져... 갑판닦이들!"""
11180,이곳에 보관되어 있던 통 몇 개가
11181,썩어 갈라지면서 밀봉된 꾸러미들을
11182,바닥에 쏟아 놓았다.
11190,"대부분의 꾸러미는 딱딱하게 굳었지만,"
11191,습기 덕분에 하나는
11192,제법 부드럽다. 열어 보니
11193,"세월에 푹 삭은 지독한 냄새의 치즈로,"
11194,^도저히 먹을 수 없다.
11200,"돌 탁자 네 개가 방을 나누고 있으며,"
11201,너무 반듯하게 배치되어 있어
11202,^식당을 떠올리게 한다.
11210,낡은 나무 선반들이 썩어
11211,바닥에 무너져 있다. 한때 물품을
11212,^보관하던 선반이었을 것이다.
11215,낡고 썩어 가는 갑옷 인형이
11216,구석에 주저앉아 천천히 가루가 되고 있다.
11220,이런!
11221,%!인형이 방금 먼지가 되어 버렸다!
11230,방 벽은 빛바랜 낙서와
11231,휘갈겨 쓴 글씨로 뒤덮여 있다.
11232,썩은 탁자 몇 개가 바닥에
11233,^한데 뭉쳐 있다.
11240,오크 난투
11241,금요일 밤 8시
11245,특별한 누군가가
11246,필요할 때는
11247,1-900-LADY로 전화
11250,트레버는 구리다
11251,@벽 아래쪽에 작은 구멍이
11252,^보인다. 아마 쥐구멍이겠지...
11260, $$ 현상금 $$ 
11261,분실
11262,"""스눕체리"""
11263,르몽테스에게 연락
11270,지독한 치즈를 구멍 앞에서
11271,흔들자 반대편 어딘가에서 희미한
11272,찍찍거리는 소리가
11273,^들려온다...
11274,%%%]찍찍거리는 소리가 훨씬
11275,"커지고, 벽 뒤에서 진동까지"
11276,^느껴진다...
11277,%%%]갑자기 벽이 폭발하듯 무너지며 미쳐 날뛰는
11278,거대 쥐떼가 쏟아져 나온다!!!
11290,이 방에는 별로
11291,중요한 것이 없어 보이며 아마
11292,^창고로 쓰였던 듯하다.
11300,낡은 와인 선반이
11301,"바닥에 무너져 있지만,"
11302,이미 오래전에 싹 비워진 듯하다. 
11310,몇 분 동안 방을 뒤져 보았지만
11311,빈 낡은 와인병 하나 외에는
11312,"아무것도 나오지 않는다. 그런데 이상하게도,"
11313,썩은 선반 아래에서
11314,바닥을 뚫고 솟아난 기묘한
11315,돌출부 몇 개를 발견한다. 천장을
11316,살펴보니 비슷한 형태의 균열이
11317,"있지만, 주변 어디에도"
11318,그 원인을 짐작할 만한 것은 없다.
11330,사람의 해골이
11331,지하 감옥 벽에 기대어 있다.
11332,뼈는 죽은 뒤로
11333,^한 번도 건드려지지 않은 듯하다.
11340,뼈를 뒤지다가
11341,튀어나온 느슨한 돌 하나를 발견한다.
11342,"돌을 들어 그 아래를 살펴보니,"
11343,기묘한 상형문자 같은 낙서로 가득한
11344,^작은 항해일지가 나온다.
11345,많은 쪽이 얼룩져
11346,읽을 수 없지만 마지막 부분은
11347,글자를 이해할 방법만 있다면
11348,읽을 수 있을 듯하다.
11350,해적의 암호 해독 반지를
11351,책의 낙서에 대자
11352,다음 내용을 읽을 수 있게 된다:
11353,@...정찰대 중 누구에게서도
11354,소식이 없어 난파선을
11355,^떠나기로 했다. 빌어먹을 안개!
11356,@기록 99
11357,!작은 배로 상류를 거슬러 올라가고 있다.
11358,이제 우리 9명만 남았다. 모건의 안색이
11359,전에 죽은 녀석들처럼 창백해지기
11360,시작했다. 놈도
11361,^병에 걸린 것 같다...
11362,@기록 100
11363,!오늘 아침 모건이 심하게 토했고
11364,오늘 늦게 죽었다. 우리는
11365,원인을 알 수 없어 모두 겁에 질렸다.
11366,내 생각에는 우리가
11367,먹어 온 음식 때문인 것 같다.
11368,^대부분 쥐고기였으니까...
11369,@다음 두어 쪽은 얼룩이
11370,너무 심해 읽을 수 없다. 하지만
11371,^그 다음 세 번째 쪽부터 다시 읽을 수 있다:
11372,@기록 106
11373,!선장은 우리가 돌아가려 하면
11374,"배로 돌아가면 모두 죽는다고 하지만,"
11375,모두가 점점 겁에 질리고 있다.
11376,특히 시체들이 왜 자꾸
11377,^사라지는지 알아낼 수 없어서 더 그렇다...
11378,@기록 107
11379,!고루몬드가 오늘 아침 죽었다. 다른 녀석들과
11380,똑같았다. 이제 우리 6명만
11381,남았다. 선장은 보물 상자가
11382,너무 무거우니 묻어 두자고 한다.
11383,이 빌어먹을 산에서
11384,^어서 벗어났으면 좋겠다...
11385,@기록 108
11386,!로스콘이 오늘 절벽 턱에서 어떤 남자를
11387,봤는데 모건이었다고 한다. 하지만
11388,모건이 죽었다는 건 모두 알고 있다.
11389,우리 모두 조금씩 미쳐 가는 건지도 모르겠다... 적어도
11390,^로스콘은 그런 것 같다...
11391,@기록 109
11392,!나도 오늘 모건을 봤다. 이제 나도
11393,병에 걸린 것 같다. 모건이
11394,"죽었다는 건 분명한데, 얼굴은 피로"
11395,뒤덮여 있었다. 그는 나를 바라보기만 했고
11396,아무 말도 하지 않은 채 웃기만 했다.
11397,^내가 미쳐 가는 것 같다...
11398,@기록 110
11399,"!신들이여, 우리를 지켜 주소서!"
11400,오늘 상자를 묻고 바로
11401,"산을 내려가고 있었는데,"
11402,거대한 괴물이 나타났다. 사람 같은
11403,무언가였는데
11404,키가 12피트가 넘었다. 놈은 그냥
11405,로스콘을 집어 들어 단 한 번 물어서 머리를
11406,뜯어 버렸다. 그리고 머리를 뱉어 내고
11407,웃었다. 우리는 지금 있는 곳까지 닥치는 대로
11408,도망쳤다. 길을 잃은 건
11409,확실하지만 선장은 계속
11410,^움직이는 게 낫다고 한다...
11411,@기록 111
11412,"!우리는 거의 ""거인의 산""을 다 내려왔다."
11413,적어도 난 그렇게 부른다. 그런데
11414,거대한 협곡이 하나 있고
11415,그 위로 다리와 밧줄 구조물이 잔뜩 걸려 있다.
11416,"여기서 남자들이 여럿 보이는데,"
11417,무언가를 캐고 있는
11418,^것 같다...
11419,@기록 112
11420,!드워프들과 이야기해 보고
11421,도움을 받을 수 있는지
11422,^알아볼 생각이다...
11423,@마지막 몇 마디는 잉크가 거의 흐려져
11424,"겨우 읽을 수 있고, 항해일지의"
11425,^나머지는 비어 있다.
11426,@항해일지를 발견했던 해골을
11427,"떠올려 보면,"
11428,드워프들이 별로 도와주지는 못한 모양이다.
11440,잊힌 죄수의 오래된 뼈가
11441,한데 쌓여 있다. 그는 아마
11442,^쇠사슬에 묶인 채 죽은 듯하다.
11450,뼈를 뒤지다가
11451,손가락에 낀 기묘한 반지를 발견한다.
11452,반지를 살펴보니 글자들이
11453,^원형으로 새겨져 있다:
11454,@  OLLY ROGE  
11455, J  * * *  R 
11456,D  *  X  *  S
11457, E  * * *  G 
11458,  CODER RIN  
11470,썩은 책상이 방 건너편에
11471,무너져 있다. 중앙이
11472,"무언가에 맞은 듯 내려앉았고, 주변에는"
11473,문서들이 흩어져 있는데 역시
11474,심하게 삭아 있다. 몇 장을 살펴보니
11475,"일종의 법률 문서로,"
11476,범죄 혐의를 적고
11477,^그 뒤에 처형 명령을 붙여 놓았다.
11480,책상 아래 작은 숨겨진 칸에서
11481,^열쇠 하나를 발견한다...
11490,오래된 뼈와 누더기 더미가
11491,벽감 안에 놓여 있다. 오래전에 잊힌
11492,^어떤 영혼의 흔적이다...
11500,뼈들이 덜그럭거리기 시작한다!
11501,%%]앙상하고 시체 같은 형상이 일어나
11502,"^걸걸한 목소리로 쉰 소리를 낸다,"
11503,"%!""또 잡았다!!"""
11504,"""하흐 하흐 하아..."""
11510,<0x01><0x02><0x02><0x02><0x02><0x02><0x02><0x02><0x02><0x02><0x02><0x02><0x02><0x02><0x02><0x02><0x02><0x02><0x02><0x02><0x02><0x02><0x02><0x02><0x03>
11511,<0x04>    * 위험 구역 *    <0x05>
11512,<0x04>  문은 언제나  <0x05>
11513,<0x04>       닫아둘 것       <0x05>
11514,<0x06><0x07><0x07><0x07><0x07><0x07><0x07><0x07><0x07><0x07><0x07><0x07><0x07><0x07><0x07><0x07><0x07><0x07><0x07><0x07><0x07><0x07><0x07><0x07><0x08>
11520,기묘한 돌출부들이
11521,벽 아래쪽을 따라 바닥에서
11522,^솟아나 있다...
11523,@벽 뒤에서 미세한 진동이
11524,^느껴진다...
11525,%%!무언가 움직이는 소리가 들린다...
11526,%%]갑자기 그것이 벽을 뚫고 튀어나온다!
11540,붕괴된 돌무더기가
11541,터널 통로를 막고 있다. 돌들이
11542,너무 빽빽하게 끼어 있어 손으로
11543,^옮길 수는 없을 듯하다.
11560,벽을 살펴보니 최근
11561,굴을 팠다가
11562,돌을 다시 메운 흔적이 보인다.
11563,누군가 통로를 뚫은 뒤
11564,^다시 막아 놓은 듯하다.
11580,흩어진 뼈들은
11581,안전한 곳에서 너무 멀리 헤맨 불쌍한 자의
11582,^최후를 말해 준다...
11590,흩어진 뼈를 뒤지다가
11591,^흥미로운 열쇠 하나를 발견한다...
11600,소굴 곳곳에 오래된 뼈가 널려 있다.
11601,이곳에 살던 괴물은
11602,먹고사는 데 부족함이 없었던 모양이다.
11603,@희생자들이 남긴 물건의 잔해도
11604,보인다. 아마 모두
11605,^억지로 이곳까지 끌려왔을 것이다...
11610,잔해 대부분은 썩은
11611,"쓰레기지만, 하나는 쓸 만해 보이고"
11612,^상태도 좋아 보인다...
11620,터널 아래를 바라보니
11621,검은 피부의 낯선 여성들이 보인다.
11622,얼굴에는 흰색 무늬를 칠했고
11623,긴 창과 가죽 방패를 들고 있다.
11624,@여성 하나가 갑자기 당신 쪽을
11625,"가리키더니, 모두 재빨리 왼쪽"
11626,^통로 안으로 사라진다...
11630,넓은 협곡 가장자리에 서 있다.
11631,앞에는 마치 거대한 무저갱처럼
11632,^입을 벌린 깊은 틈이 있다.
11640,건너편에서 검은 피부의 낯선 여성들이
11641,가장자리에서 서둘러 물러나며
11642,길게 엮은 덩굴 밧줄을
11643,^끌고 가는 모습이 보인다.
11650,"협곡은 밧줄이 바닥에 닿기에는 너무 깊고,"
11651,건너편에 걸 수단도
11652,없어서 던질 때마다
11653,^다시 협곡 아래로 떨어진다.
11660,갈고리 달린 밧줄을 협곡 너머로
11661,힘껏 던져 커다란 바위에
11662,^거는 데 성공한다...
11663,@목숨을 걸고 밧줄에 매달려
11664,건너편까지 조금씩 이동한다...
11670,머리 위 동굴은 어둠 속으로
11671,높이 이어진다. 아래 바닥에는 작은
11672,"동물들의 뼈가 널려 있는데,"
11673,^날개 달린 동굴 생물들이 먹고 버린 흔적이다.
11680,뼛조각 사이에 쓸 만한 것이 있는지
11681,살펴보다 반짝이는 금속
11682,조각과 유리 파편을
11683,발견한다. 이 생물들은 반짝이는
11684,물건에 끌리는 듯하다. 그렇다면 발밑에 놓인 열쇠가
11685,어떻게 여기 왔는지도 설명된다...
11690,근처 어딘가에서 기묘하게 무언가를 빠는
11691,^소리가 들린다...
11692,%%!쭉쭉 빨아대는 듯한 소리다...
11700,앞쪽에 이상한 무언가가 있다...
11701,%!그냥 거기에 가만히 있다...
11702,@기묘하게 무언가를 빠는 소리는
11703,^저것에서 나는 듯하다...
11704,"@조심스럽게 다가가 보니,"
11705,밑부분에 굵고 긴 관 몇 개가
11706,^붙어 있다. 식물처럼 보인다...
11707,%%%]이런!
11708,%!배가 고픈 것 같다!!!
11720,<0x01><0x02><0x02><0x02><0x02><0x02><0x02><0x02><0x02><0x02><0x02><0x03>
11721,<0x04> 간편 승강기 <0x05>
11722,<0x04> * 아래 * <0x05>
11723,<0x06><0x07><0x07><0x07><0x07><0x07><0x07><0x07><0x07><0x07><0x07><0x08>
11800,"이봐, 갑판닦이들!"
11801,!우린 낯선 놈들이
11802,목숨 건 승부에서 실력을
11803,^증명하기 전엔 받아 주지 않아!
11810,여기엔 승부가 두 가지 있지.
11811,"옛날식은 싸움이고,"
11812,좀 더 문명적인 방식은
11813,^당연히 술 마시기다!!
11820,<0x02>싸움/<0x03>술/
11822,"싸울 건가, 아니면 마실 건가?"
11830,좋다!
11831,"%!얘들아, 덤벼!!"
11840,"그래, 내가 좋아하는 승부군!"
11841,%하르 하르 하르!
11842,%!술을 들이부어!!
11850,<0x04>아니요/<0x05>예/<0x05>그래/<0x05>응/<0x05>물론/<0x05>좋아/
11852,한 판에 50 G.P.다. 한 판 살 건가?
11860,"꺼져라, 겁쟁이들아!!"
11870,쭉 들이켜!
11871,하르 하르 하르!!
11872,%꿀꺽!    
11873,%^  꿀꺽!
11874,%^    꿀꺽!
11880,으음... 이거 제대로 들어가는군!
11882,"안색이 좀 창백한데, 친구!"
11884,"하, 난 아직 취하지도 않았어!!"
11890,"으악, 토할 것 같아!"
11895,선장이 뻗었다!
11896,%승부에서 이겼다!!
11900,당신은 의식을 잃고 바닥에 쓰러진다!
11905,선장의 부하들이 당신을 밖으로 내던진다!
11910,"돈이 다 떨어졌잖아, 이 거지 놈들아!!"
11920,"방 한구석에, 메이티 선장이"
11921,낡고 지저분한 침대 위에 널브러져
11922,^세상모르고 곤히 자고 있다...
11930,술 취한 선장이 침대 위에
11931,^대자로 뻗어 아기 두꺼비처럼 코를 곤다...
11940,선장이 화들짝 깨어난다!
11941,%!드르렁-으어억..에헴. 흠!
11942,뭐야??!!
11943,%]누가 내 방을 뒤지는 거야??!!
11944,"%]꼼짝 마라, 이 풋내기들아!"
11945,%죽을 준비나 해라!
12000,키 크고 꾀죄죄하지만 다부진 남자가
12001,"^당신에게 다가와 말한다,"
12002,"%!""나는 르몽테스다!"""
12010,<0x02>아니요/<0x03>예/<0x03>그래/<0x03>응/<0x03>물론/<0x03>좋아/
12012,스눕체리를 찾았나?
12020,그녀를 얼마나 애타게 찾았는지 몰라!
12025,"그녀를 내게 돌려보내 준다면, 선장을"
12026,^풀어주겠다. 그전에는 안 돼!
12030,"""스눕체리!"""
12031,"%!""드디어 다시 내 품으로 돌아왔군!!"""
12032,"%]이 열쇠를 선장의 감옥으로 가져가면,"
12033,^그를 풀어줄 수 있을 거야...
12050,봉주르!
12055,아듀!
12060,<0x01><0x01>선장/스눕체리/
12100,말없이 수상한 검은 옷의 남자가
12101,^그림자 속에서 모습을 드러낸다...
12102,"%!""거래 하나 하지 않겠나?"""
12110,무엇을 도와드릴까?
12115,다시 만날 때까지...
12120,<0x03><0x03>프랑스인/선장/선장의 소굴/묻힌 보물/
12130,"<0x03>거대한 산/<0x03>""거대한 산""/"
12131,"묻힌 보물이 없으면, 암호도 없다!"
12132,선장은 보물 상자를 어디에 묻었지?
12140,거대한 산!
12141,%!그렇군!
12142,%!진작 알았어야 했는데!
12143,"%!아, 그래..."
12144,"%!암호는 ""SKELETON CREW""다"
12150,"그건 그렇고, 꼭 미스터리 오일을"
12151,^써보라고. 지금 할인 중이야!
12200,<0x01><0x02><0x02><0x02><0x02><0x02><0x02><0x02><0x02><0x02><0x02><0x02><0x02><0x02><0x02><0x02><0x03>
12201,<0x04>   선장의 소굴   <0x05>
12202,<0x04>   * 1인 입장 *   <0x05>
12203,<0x04>               <0x05>
12204,<0x04>    이번 달에만    <0x05>
12205,<0x04>   사용하는 암호:   <0x05>
12206,<0x04>               <0x05>
12207,<0x04>      해골       <0x05>
12208,<0x04>     선원단      <0x05>
12209,<0x06><0x07><0x07><0x07><0x07><0x07><0x07><0x07><0x07><0x07><0x07><0x07><0x07><0x07><0x07><0x07><0x08>
12220,글이 낯선 암호로 쓰여 있어
12221,^읽을 수가 없다.
12230,고대의 책을 펼치자
12231,^다음 글이 적혀 있다:
12232,@첫째 밤에는 숫양
12233,"둘째에도 다시 숫양이 태어나고,"
12234,셋째는 네 제단 위에서
12235,밝게 타오르는 것을 찾으라;
12236,@넷째 밤에는 지팡이가
12237,"다섯째 마법의 태양을 다시 품으니,"
12238,그때 네 새겨진 제단이
12239,밤 속에서 꽃피리라
12250,거대한 문의 표면에 새겨진 검은 강철
12251,해골이 복도를 향해 공허하게 바라본다.
12252,"눈구멍은 기묘할 만큼 깊어, 해골이 한때"
12253,한 쌍의 보석을 품고 있었던 것처럼
12254,^보인다.
12260,거대한 문의 표면에 새겨진 검은 강철
12261,해골이 복도를 향해 공허하게 바라본다.
12262,"한쪽 눈구멍에는 빛나는 보석이 박혀 있고,"
12263,다른 한쪽은 비어 있다.
12270,거대한 문의 표면에 새겨진 검은 강철
12271,해골이 복도를 향해 공허하게 바라본다.
12272,"양쪽 눈구멍에 빛나는 보석이 박혀 있어,"
12273,해골의 얼굴은 악마처럼 변했고
12274,^불길한 미소를 짓고 있다...
12300,터널은 산 밖으로 빠져나와
12301,거대한 협곡의 탁 트인 공간으로 이어진다.
12302,"수많은 다리가 깊은 협곡 위를 가로지르며,"
12303,저 멀리 하늘 건너편에는 거대한
12304,"산의 봉우리가 솟아,"
12305,대동굴 한가운데를 향해 높이
12306,^치솟아 있다.
12310,"눈앞에 거대한 산봉우리가 우뚝 솟아 있고,"
12311,수많은 바위 절벽과 틈새를 보니
12312,정상까지 가는 길은 몹시 험난할
12313,^것 같다.
12320,<0x01><0x02><0x02><0x02><0x02><0x02><0x02><0x02><0x02><0x02><0x02><0x02><0x02><0x02><0x02><0x02><0x03>
12321,<0x04>   마법사의 동굴   <0x05>
12322,<0x04>    무단 침입자    <0x05>
12323,<0x04>    출입 금지     <0x05>
12324,<0x06><0x07><0x07><0x07><0x07><0x07><0x07><0x07><0x07><0x07><0x07><0x07><0x07><0x07><0x07><0x07><0x08>
12330,<0x01><0x02><0x02><0x02><0x02><0x02><0x02><0x02><0x02><0x02><0x02><0x02><0x02><0x02><0x02><0x02><0x02><0x02><0x02><0x02><0x02><0x03>
12331,<0x04>      광산 입구      <0x05>
12332,<0x04>     안전모 착용     <0x05>
12333,<0x04>     항상 의무     <0x05>
12334,<0x06><0x07><0x07><0x07><0x07><0x07><0x07><0x07><0x07><0x07><0x07><0x07><0x07><0x07><0x07><0x07><0x07><0x07><0x07><0x07><0x07><0x08>
12400,크고 흉측한 트롤이 다리 밑에서
12401,^기어 올라와 길을 막는다!
12402,"%%!^마침내, 놈이 고함친다,"
12403,"""나는 통행료 트롤이다!"""
12404,"@""통행료를 내라, 아니면 목이 날아간다!"""
12440,<0x02>아니요/<0x03>예/<0x03>그래/<0x03>응/<0x03>물론/<0x03>좋아/
12441,"통행료를 내라, 아니면 목이 날아간다!"
12442,으아악! 통행료 낼 거냐?
12450,현명한 선택이다!
12460,"좋아, 지나가도 된다..."
12470,돈을 더 챙겨서 다시 와!
12480,으르렁! 그럼 널 먹어버리겠다!!
12500,<0x01><0x02><0x02><0x02><0x02><0x02><0x02><0x02><0x02><0x02><0x02><0x02><0x02><0x02><0x02><0x02><0x03>
12501,<0x04>    도개교     <0x05>
12502,<0x04>    제어판     <0x05>
12503,<0x04>  눌러서 열기  <0x05>
12504,<0x06><0x07><0x07><0x07><0x07><0x07><0x07><0x07><0x07><0x07><0x07><0x07><0x07><0x07><0x07><0x07><0x08>
12510,제어판의 문이 녹슬어서
12511,^열리지 않는다...
12520,어떤_제어_버튼을_누를까요}
12521,421340
12522,스프링 와인더
12523,자동 코일랩
12524,트랜슬럭스 펌프
12525,트러스 드라이버
12526,안전장치 전환
12527,종료 정지
12530,제어판 안에는 작은 단추 여섯 개가
12531,"있고, 각각 작은 표찰이 붙어 있다. 표면에"
12532,새겨진 몇 가지 작동 지침은
12533,^다음과 같다:
12534,@*주의* 안전 분리 절차는 반드시
12535,초기 와인더 전진 전에 실시할 것.
12536,펌프 기동 후 5초가 지나기 전에는
12537,"코일랩을 작동시키지 말 것. 단,"
12538,^안전 연동 절차를 거친 뒤에 한함.
12539,"트러스 상승은 그다음 가능하나,"
12540,어떠한 경우에도 펌프와 와인더의
12541,^폐쇄 절차 밖으로 이탈해서는 안 됨.
12542,마지막 와인더 결합 유도로
12543,^도개교 작동을 수행할 것.
12544,다리 설계자들이 누구나 쉽게
12545,작동할 수 있기를 바랐다는 사실은
12546,참으로 다행이다. 그래서 이렇게
12547,구체적인 지침을 만드는 데
12548,시간을 들였으니 말이다. 오직 진짜
12549,기술자만이 쓸 수 있는 독특한 방식으로. 
12560,커다란 목제 기계의 잔해가
12561,절벽 끝에 놓여 있다. 살펴보니
12562,무거운 물체를 공중으로 날려 보내는
12563,"장치로, 마치 투석기와 비슷하다."
12564,절벽 반대편에는
12565,아주 작은 원형 과녁 하나가
12566,홀로 서 있는 것이 보인다.
12570,"기계를 살펴보니 작동은 가능해 보이지만,"
12571,"톱니바퀴 하나가 깨져 빠져 있고,"
12572,길고 질긴 고무띠는 탄력을 잃어
12573,길고 질긴 고무띠는 탄력을 잃었고
12574,^부스러지기 시작했다...
12580,고무 가닥은 너무 가늘고 너무
12581,^짧아서 낡은 띠를 대신할 수 없다.
12585,고무 땋은 줄은 너무 짧아서
12586,^낡은 띠를 대신할 수 없다.
12590,새 고무띠가 완벽하게 맞는다!
12595,투석기에는 새 고무띠가 필요하다.
12600,수리한 톱니바퀴가 낡은 기계의
12601,^제자리에 부드럽게 안착한다...
12605,투석기에는 새 톱니바퀴가 필요하다.   
12610,어떤_투석기_조작을_할까요}
12611,012
12612,바가지 걸쇠 고정  
12613,고무띠 감기 
12614,걸쇠 풀기
12615,발사 취소   
12620,투석기 수리를 마쳤으니 이제
12621,정상적인 발사 절차를 수행할 수 있다.
12630,큰 돌을 투석기의 바가지에
12631,^올려놓는다...
12640,"투석기는 제대로 작동하지만,"
12641,발사체로 쓸 만한
12642,^탄약이 필요하다...
12650,과녁을 빗맞혔다
12655,정중앙이다!!
12660,0300
12661,산을 기어 올라간다
12662,안전한 이곳에 남는다
12665,산비탈 위쪽에 올라갈 수 있을 만한
12666,작은 발판이 보인다.
12670,0300
12671,산을 타고 내려간다
12672,안전한 이곳에 남는다
12675,산비탈 아래로 이어지는 작은
12676,^발판이 보인다.
12680,미끄러져 떨어졌다!
12690,엄청난 양의 바위와 돌덩이가
12691,땅을 뒤덮고 있다. 아마 최근 일어난
12692,^낙석의 흔적인 듯하다...
12695,"여기에는 거대한 바위들뿐이지만,"
12696,언제 이런 게 쓸모가 생길지는
12697,^아무도 모르는 법이다...
12700,$ 작은 쪽지에는 이렇게 적혀 있다:
12701,!정보 고맙다!
12702,- 퀴퀘그 -
12703,@추신. 감사와 고마움의 표시로
12704,^     이 선물은 꼭 받아주게
12710,<0x01><0x02><0x02><0x02><0x02><0x02><0x02><0x02><0x02><0x02><0x02><0x02><0x02><0x02><0x02><0x02><0x02><0x02><0x02><0x02><0x02><0x02><0x02><0x02><0x02><0x03>
12711,<0x04>  이 상자의 소유자는  <0x05>
12712,<0x04> J.R. 선장과 그 일행 <0x05>
12713,<0x04> 손댄 자는 저주받으리 <0x05>
12714,<0x06><0x07><0x07><0x07><0x07><0x07><0x07><0x07><0x07><0x07><0x07><0x07><0x07><0x07><0x07><0x07><0x07><0x07><0x07><0x07><0x07><0x07><0x07><0x07><0x07><0x08>
12750,거대한 다이아몬드 수정 안에서
12751,너무나 기괴한 얼굴 하나를 목격한다.
12752,투명한 보석의 모서리가
12753,방으로 들어가는 길을 가로막는
12754,^장벽을 이루고 있다...
12755,@가공되지 않은 다이아몬드 감옥 안에서
12756,그 이상한 머리가 몇 분 동안 까딱이는 것을
12757,"보고 있자니, 이것이 단순한 환상이 아니라"
12758,어떤 존재가 실제로 거대한 보석
12759,안에 갇혀 있다는 사실을 깨닫는다.
12760,"@그것이 벽 가까이 다가오더니,"
12761,^무언가 말하려는 듯하다...
12770,"다이아몬드 벽에 금이 생겼지만,"
12771,^아직 깨지지는 않았다...
12780,다이아몬드가 산산조각 난다!
12781,"%!파편들이 공중에서 증발하며,"
12782,^연기 같은 수증기만 남긴다...
12790,다이아몬드 장벽을 몇 분 동안 살펴보니
12791,최근 생긴 균열이 큰 단층선을 따라
12792,뻗어 있는 듯하다. 이 균열을
12793,다이아몬드 둘레를 따라 더 확장한 뒤
12794,이곳에서 결정적인 일격을 가한다면
12795,다이아몬드 장벽 전체가
12796,^산산조각 날지도 모른다.
12800,갑자기 거대한 뱀이 그림자 속에서
12801,^튀어나와 당신에게 돌진한다!
12810,그래! 이제야 누가
12811,와서 날 꺼내주는군!!
12812,@내가 여기 얼마나 오래
12813,갇혀 있었는지 알아!
12814,!%뭐라고!?!
12815,%알기나 해?!!!
12816,"@무려 백이십 년이야,"
12817,그렇게나 오래였다고!
12818,@그리고 내 꼬리가 그 멍청한 조르피투스를
12819,"붙잡기만 한다면, 그놈을"
12820,다진 고기로 만들어버릴 거야!! 
12821,"@뭐 어쨌든, 음... 고마워,"
12822,여기서 꺼내줘서 말이야...
12823,"%!참, 내 이름은 미스타파파스야..."
12824,@난 한때 마법사 조르피투스의
12825,제자였어. 그 인간이 날 여기
12826,^가둬놓고 잊어버리기 전까진...
12827,"@알아, 알아. 이런 커다란 뱀이"
12828,어떻게 그 대단한 마법사의
12829,^제자가 됐나 궁금한 거지??!
12830,%!어떻게 된 건지 말해주지!
12831,@난 뱀이 아니니까!!!
12832,%!적어도 그 빌어먹을 펜이
12833,나타나기 전까진 아니었지!! 그 저주받은 펜!!
12834,@으으! 생각만 해도 피부가
12835,화끈거린다니까...
12836,%!난 그냥 몰래 들어가서
12837,딱 한 번 써봤을 뿐이야...
12838,"@나를 ""멋지고"" ""매력적으로"" 만들어서"
12839,여왕의 애인 중 하나로
12840,^받아들여지게 해달라고...
12841,"@그리고 왕의 분노로부터 ""안전하게"""
12842,^살게 해달라고 썼지...
12843,%!그런데 지금 내 꼴을 봐!
12844,@여왕은 뱀을 좋아한다고!!
12845,%그래서 난 뱀으로 변해버렸어!!!
12846,@게다가 마법사는 날 여기 가뒀지!
12847,%좋은 애완동물이 되겠다면서!!
12848,%덕분에 왕한테서는 안전해졌고!!!
12849,@아! 그 지독하고 망할 펜 같으니!!!!
12855,"그래 그래, 계속 말해봐..."
12860,"잘 가, 행운을 빌지!"
12865,<0x02><0x02>해골문/마법사의 소굴/배고파!/
12870,으음... (쩝!) 정말 맛있다!
12871,%이거 준 답례로 비밀 하나 알려주지!
12872,%!마법사의 소굴은
12873,눈에 보이는 게 전부가 아니야!
12900,늙은 드워프가 모루 뒤에서 고개를 든다.
12901,그는 벌겋게 달아오른 구운 옥수수를
12902,"망치로 두드리느라 바쁜데,"
12903,"^당신을 보고 말한다,"
12904,"@""젠장맞을!"""
12905,"%!""내가 바쁜 거 안 보여!"""
12910,뭐 해줄까?
12920,또 보자고!
12930,<0x01><0x01>광산/광산/낯선 자들
12940,흐음... 제대로 망가졌구먼...
12941,%그래도 아주 심하진 않아...
12945,고칠 수 있을 때까지는
12946,^네가 가지고 있는 게 낫겠어...
12950,금화 1000개는 받아야 해.
12955,<0x02>아니요/<0x03>예/<0x03>그래/<0x03>응/<0x03>물론/<0x03>좋아/
12957,내가 고쳐주길 원하는 거야?
12960,그럼 내 시간 그만 낭비해!
12965,어허! 선불 현금만 받는다고!
12966,%그런데 돈이 좀 모자라잖아!!
12970,여기서 잠깐 기다려봐. 내가
12971,뭘 할 수 있나 볼 테니까...
12972,%](드워프는 망가진 톱니바퀴를
12973,^ 대장간으로 가져가 휘파람을 불기 시작한다)
12974,%!휘이-우우웅-휘이익....
12975,%%]둠-다 둠... 금방
12976,"^끝날 거야, 친구들..."
12977,%](쾅! 쾅!)
12978,%](쨍!)
12979,%](쾅! 쾅!)
12980,%%](치이이익! 푸슉!!)
12981,%%]몇 분만 더 있으면 돼...
12982,%%%]휘이-우우웅-휘이이익....
12983,%%](쾅! 쾅!)
12984,"%%%]자, 여기 있어! 새것 같지!!"
13100,"""드디어 자유다!"""
13101,"@나는 그대를 알지 못하나,"
13102,이 모든 것이 시작된 때부터 그대에
13103,^관해서는 알고 있었다...
13104,@내게 남은 시간은 짧다. 보다시피
13105,"내 육신은 이미 오래전에 죽었고,"
13106,옛 힘의 마지막 잔재만으로
13107,내 영혼이 그대들의 세계를 붙잡은 채
13108,"마지막 순간까지 버텨왔으니, 이제"
13109,그대에게 말하고 그대의 여정을
13110,돕기 위함이다. 이야기를 하나 들려주마.
13111,"이 이야기를 그대와, 훗날"
13112,그대의 발자취를 따르려는 자들을 위한
13113,^경고로 삼도록 하라...
13114,나는 한때 조르피투스라 불렸던
13115,마법사의 절반이다. 그대 앞 벽난로 위에
13116,놓인 뼈가 바로 그의 것이다. 백이십 년
13117,"전, 나는 코스믹 포지를 찾는"
13118,여정에 나섰다. 코스믹 포지는
13119,우주의 모든 운행을 기록하는
13120,재앙의 펜이다. 그 펜을 말하려면
13121,먼저 서클을 말해야 한다. 펜이
13122,도난당한 성스러운 제단 말이다.
13123,펜의 힘을 지키기 위해
13124,펜은 오직 성스러운 서클 위에서만
13125,"사용할 수 있다고 쓰였고,"
13126,그리하여 그것은 법칙이 되었다. 펜을
13127,서클에서 빼앗아 그 명령에서
13128,해방하려면 하나의 예외를
13129,만들어낼 필요가 있었다.
13130,그 단 하나의 예외는 펜의 자유를
13131,보장하면서도 동시에
13132,원래의 법칙을 어기지 않아야 했다.
13133,그리하여 위대한 예외가 만들어졌다.
13134,누구든 코스믹 서클 위가 아닌 곳에서
13135,"그 펜으로 글을 쓰면,"
13136,자신이 쓴 글이 재앙이 되어
13137,새로운 한 세대가 지날 때까지
13138,그 재앙에서 쉬지도 벗어나지도 못한다.
13139,"그 기간은 정확히 백이십 년이며,"
13140,그 뒤에는 다시 자신의 뜻대로
13141,"행동할 수 있고, 자신이 쓴 글과"
13142,^그 재앙에서 해방된다.
13143,@내 시간은 이제 끝에 이르렀다. 그대가
13144,"와서 나를 풀어주었고, 내 뼈가"
13145,그대 앞에 놓였으니 이것은 이제
13146,내 선택이 되어 나를 저주에서 해방한다.
13147,이제 잘 들어라. 오래전에 벌어진
13148,"일들을 그대에게 밝힐 테니,"
13149,현명하고 올바르게 행동하도록 하라.
13150,"한때 나는 조르피투스, 위대한"
13151,마법과 힘의 마법사였다. 힘을 맛본
13152,"모든 자가 그렇듯, 마시면 마실수록"
13153,갈증은 더욱 커져갔다. 그러던 끝에
13154,나와 똑같은 갈망을 품은 자와
13155,"불경한 계약을 맺었고,"
13156,우리는 함께 온 우주를 지배하겠다는
13157,^꿈을 품었다.
13158,@마침내 이 우주의 펜에 대해
13159,"듣게 되었을 때, 그것을 손에 넣으면"
13160,우리의 승리가 완성될 것이라 확신했다.
13161,그래서 계략을 꾸몄고 마침내
13162,"""코스믹 포지""를 손에 넣었다. 하지만"
13163,우리가 했던 것처럼 코스믹 포지를
13164,서클에서 떼어냈을 때 따라오는
13165,^재앙을 곧 알게 되었다.
13166,"@그래, 한때 나는 조르피투스였고"
13167,운명에 맞서기로 결심했다. 그래서
13168,조르피투스라 불릴 이 필멸의
13169,마법사에 관한 글을 썼다.
13170,"그가 우주의 모든 것을 알게 되고,"
13171,그 지식으로 이 끔찍한 재앙을
13172,피할 방법까지 알게 되리라고. 그리고
13173,나는 정말 모든 것에 대한 완전한
13174,지식을 얻게 되었다. 그러나 그 지식 때문에
13175,나는 둘로 찢겨 두 존재가 되었다.
13176,모든 것의 본질은
13177,그것인 것과 그것이
13178,아닌 것으로 나뉘기 때문이다. 그리하여 지식이
13179,"내 안에 하나로 살아 있었으니,"
13180,결국 내가 나뉘는 것은 필연이었다.
13181,"모든 것을 안다면, 동시에 아무것도"
13182,"모르는 것 또한 알아야 한다. 인간이 ""선""을"
13183,"알게 되면, 나 역시 ""악""을 알 수밖에 없었다."
13184,"@알려진 모든 것은 나뉘며,"
13185,나눌 수 없는 것은
13186,^결코 알려질 수 없다.
13187,"@그러므로 인간은 영원히 알려 할 것이며,"
13188,그 때문에 언제나 나뉘게 될 것이다.
13189,이것이 지식의 본질이다.
13190,그리고 그 지식이 그대 안에서
13191,어떻게 살아가는지 말해주겠다. 이것이
13192,"그대가 아는 방식이고, 생각하는 방식이며,"
13193,마음이 믿고 또 마음이
13194,^스스로에게 말하는 방식이다.
13195,"@하지만 시간이 얼마 남지 않았고,"
13196,"아직 말해야 할 것이 많다. 나,"
13197,조르피투스는 죽었지만 나의 다른 절반인
13198,조르피투스는 살아 있다! 내가 그대를
13199,"돕듯, 그는 그대를 해칠 것이다."
13200,그의 지식은 불완전하다. 그 지식의
13201,반대편을 내가 지녔기 때문이다. 그는
13202,하는 일마다 절반은 맞고 절반은 틀린 채
13203,맹목적으로 비틀거릴 뿐이다. 그의
13204,정신은 영원히 어두운 물웅덩이 위를
13205,떠도는 것과 같다. 나처럼 그도 미쳤다.
13206,하지만 반드시 그를 찾아야 한다.
13207,나는 펜이 무엇이며 왜 그런지 알고
13208,"그대에게 말해줄 수 있지만, 그는 펜이"
13209,"어디에, 언제 있는지는 알아도 무엇인지는"
13210,"모르며, 그대에게 말하려 하지 않을 것이다."
13211,그에게서 반드시 알아내야 한다.
13212,"그와 함께 코스믹 포지와 펜,"
13213,^그리고 운명의 손이 걸려 있다...
13214,"@""나는 드디어 자유다!!"""
13215,%!그리고 환영은 조용히 사라진다...
13250,<0x01><0x02><0x02><0x02><0x02><0x02><0x02><0x02><0x02><0x02><0x02><0x02><0x02><0x02><0x02><0x02><0x02><0x02><0x02><0x02><0x02><0x02><0x02><0x03>
13251,<0x04>  스미티네에 어서 와  <0x05>
13252,<0x04>    대장간 & 그릴    <0x05>
13253,<0x04>   맛있는 음식과 수리   <0x05>
13254,<0x06><0x07><0x07><0x07><0x07><0x07><0x07><0x07><0x07><0x07><0x07><0x07><0x07><0x07><0x07><0x07><0x07><0x07><0x07><0x07><0x07><0x07><0x07><0x08>
13260,피 - 파이 - 포 - 펌
13261,%!인간 쓰레기 냄새가 난다!
13270,<0x01><0x02><0x02><0x02><0x02><0x02><0x02><0x02><0x02><0x02><0x02><0x02><0x02><0x02><0x03>
13271,<0x04>   거인의 전장   <0x05>
13272,<0x04>  그린스 트윈스의  <0x05>
13273,<0x04>      집       <0x05>
13274,<0x06><0x07><0x07><0x07><0x07><0x07><0x07><0x07><0x07><0x07><0x07><0x07><0x07><0x07><0x08>
13280,<0x01><0x02><0x02><0x02><0x02><0x02><0x02><0x02><0x02><0x02><0x02><0x02><0x02><0x02><0x02><0x03>
13281,<0x04>    주의!    <0x05>
13282,<0x04>   버튼을 눌러   <0x05>
13283,<0x04>    출구로    <0x05>
13284,<0x06><0x07><0x07><0x07><0x07><0x07><0x07><0x07><0x07><0x07><0x07><0x07><0x07><0x07><0x07><0x08>
13800,나는 바위의 수호자다!
13810,<0x02>아니요/<0x03>예/<0x03>그래/<0x03>응/<0x03>물론/<0x03>좋아/
13812,바위를 가져가러 왔느냐?
13815,<0x09>예/<0x09>그래/<0x09>응/<0x09>물론/<0x09>좋아/
13816,무엇을 원하는가?
13817,바위를 가져가러 왔느냐?
13820,그렇다면 널 죽여야겠다!
13825,무엇을 원하는가?
13830,<0x04>아니요/<0x05>예/<0x05>그래/<0x05>응/<0x05>물론/<0x05>좋아/
13832,내게 바칠 제물을 가져왔느냐?
13835,제법 괜찮은 바위를 가져왔군!
13836,%!이제 내가 가져가겠다...
13837,%](우적! 우적!)
13838,%!으으음....
13839,%맛있군!
13850,내가 원하는 게 없구나!
13855,꺼져라!
13900,<0x01><0x02><0x02><0x02><0x02><0x02><0x02><0x02><0x02><0x02><0x02><0x02><0x02><0x02><0x02><0x02><0x03>
13901,<0x04>  마법사의 소굴  <0x05>
13902,<0x04>    *  *  *    <0x05>
13903,<0x04>   고양이 조심   <0x05>
13904,<0x06><0x07><0x07><0x07><0x07><0x07><0x07><0x07><0x07><0x07><0x07><0x07><0x07><0x07><0x07><0x07><0x08>
13910,안은 평화롭고 고요하다...
13911,%]지옥의 악마 고양이가 나타나기 전까진!!
13915,벽장 안으로 들어서자 구석에
13916,휘어진 지팡이 하나가 보인다. 분명
13917,^잊혔거나 미처 챙기지 못한 물건이다...
13920,어떤_병들을_섞을까요}
13921,012345
13922,노란 가루
13923,파란 물약  
13924,빨간 물약   
13925,검은 가루 
13926,흰 가루 
13927,초록 물약 
13928,성냥개비 
13929,없음 (나가기) 
13935,!콰 - 과 - 광 !
13940,몇몇 병은 멀쩡하고
13941,"단단히 밀봉되어 있어, 내용물이"
13942,상하거나 딱딱한 검은
13943,찌꺼기 덩어리로 변하지 않은 듯하다.
13944,이상한 작은 나무 막대 하나도
13945,"탁자 위에 놓여 있는데, 한쪽"
13946,^끝이 빨갛게 칠해져 있다.
13950,"물약과 병, 온갖 화학 약품으로"
13951,가득한 탁자가 조용히 놓여 있다.
13952,하지만 그 주인은
13953,^다시는 돌아오지 않을 것이다...
13960,마법사의 기록을 펼치자
13961,다음 내용을 읽을 수 있게 된다:
13962,@별의 달 - 17일
13963,!마침내 육체 소생 실험에
13964,성공했다!
13965,불쌍한 희생자는 사제와 함께 왔던
13966,정부이자 악마 아이의
13967,어머니였던 창녀다. 그녀는
13968,"죽은 지 거의 사흘이나 되었지만,"
13969,다시 숨 쉬고 걷고
13970,^볼 수 있게 되었다...
13971,@정신과 영혼까지 함께
13972,구할 방법이 없었다는 점은 유감이다.
13973,이제 그녀는 텅 빈 시체에 불과하다.
13974,적절히 처리할 방법을 찾을 때까지
13975,성의 첨탑 하나에 그녀를
13976,가두어 두었다. 이 초기 결과는
13977,고무적이다. 다음 실험체가
13978,^생기면 계속 연구하겠다.
13979,@별의 달 - 23일
13980,!최근 참수된 미친 사제는
13981,육체 분리 실험의 놀라운
13982,성과를 보여주었다.
13983,"도끼가 그에게 떨어지는 바로 그 순간,"
13984,나는 그의 영혼이 이 세상을
13985,^떠나지 못하게 하는 마법을 발동했다.
13986,"@그렇게 정신과 영혼을 붙잡는 데 성공했으니,"
13987,내 이론이 옳다는 것이 증명되었다.
13988,머지않아 삶과 죽음을 모두
13989,지배하고 불멸을 손에 넣을 것이다.
13990,"당분간은 ""영혼 봉인""으로"
13991,"죽은 사제의 ""유령""을"
13992,다른 첨탑 안에 가둘 수 있을 것이다.
13993,혹시라도 아무것도 모르는
13994,멍청한 놈이 실수로 이 망령을
13995,^풀어놓지 못하게 열쇠는 내가 보관한다.
13996,@달들의 달 - 4일
13997,!마침내 우리를 코스믹 포지로
13998,인도할 비밀 통로를 찾아냈다.
13999,이제 여정을 준비해야 한다.
14000,"^오늘 밤, 우리는 날아간다!"
14001,@달들의 달 - 13일
14002,!우리는 코스믹 포지를 훔쳤다!
14003,@달들의 달 - 15일
14004,!교활한 제자 미스타파파스가
14005,사라진 것 같다. 어디에도
14006,"그의 흔적이 없고, 마법으로"
14007,그의 위치를 찾으려 한 모든 시도도
14008,실패했다. 다만 이상하게도
14009,마법은 계속 비대한 뱀 한 마리의
14010,소굴로 나를 이끌었다. 아마 그 뱀이
14011,^녀석을 잡아먹은 게 분명하다.
14012,@달들의 달 - 16일
14013,"!마침내 ""펜""으로 무엇을 쓸지"
14014,결정했다. 그렇게 해서 이미
14015,왕을 영원한 죽음으로 몰아넣은
14016,끔찍한 저주에서 벗어나리라...
14017,"!그러니 오늘 밤, 나는 운명을 새긴다!!"
14018,"@이것이 책의 마지막 기록이며,"
14019,^나머지 모든 페이지는 비어 있다.
14100,"방은 텅 비고 고요하며,"
14101,백 년 넘게 아무도 건드리지 않은 듯하다.
14102,"방 안을 둘러보던 중,"
14103,중앙에 으스스한 빛이 모여들기
14104,시작하며 인간의 형상을 이룬다.
14105,이윽고 늙고 야윈 얼굴이
14106,"뚜렷해지고,"
14107,^그 형상이 입을 열기 시작한다...
14110,여보세요?
14111,%!  여보세요??
14112,"%]애니, 너니?"
14113,"%!애니, 앞이 안 보여..."
14114,"%%]애니, 내 말 들리니?"
14115,%애니??
14116,"%!애니, 왜 내게 말하지 않는 거야?"
14117,%]날 기억하지 못하겠어?
14118,"%!애니, 정말 기억이 안 나??"
14119,%내가 누군지 기억이 안 나??
14120,%]나는... 내가 누군지 모르겠어...
14121,%기억난다...
14122,"%그래, 아주 오래전 일이 기억나..."
14123,%]나는...
14124,%성직자였어...
14125,%경건하고 존경받는 사람이었지...
14126,%기억이 안 나...
14127,"%]애니가 기억나, 사랑스러운 애니..."
14128,"%오, 나의 애니, 우린 파멸했어!"
14129,"%]널 위해 정결의 서약을 깨뜨렸어,"
14130,^사랑스러운 애니... 그래서 벌을 받는 거야!
14131,%!벌을...
14132,%]우리 딸!
14133,%!우리 어린 딸을 숨겨야 해...
14134,%그들이 와서 아이를 데려갈 거야!
14135,%%]안 돼!
14136,%!그 아이는 악마야!
14137,"%]오, 죄로 잉태된 그 아이..."
14138,"%!우리의 죄로 태어난 아이야, 아름다운 애니..."
14139,%]그 아이는 저주받았어!
14140,%!그리고 우리도 저주받았어...
14141,%사랑스러운 애니...
14142,%]왕이 우리를 찾아냈어!
14143,%!왕이 우리 딸을 데려갔어!
14144,%]그가 아이를 지켜줄 거야...
14145,"%!그가 우리를 지켜줄 거야, 사랑스러운 애니..."
14146,%]아주 오래전 일이야...
14147,"%!이제 난 길을 잃었어, 애니..."
14148,%하지만 아직 뿔피리가 있어!
14149,%]목에 닿던 차가운 감촉이 기억나...
14150,%그리고 빛도...
14151,%난 그 빛 속으로 걸어가고 있어...
14152,%]하지만 안 돼! 다시 끌려가고 있어!
14153,%!무언가가 내가 빛 속으로 들어가지
14154,^못하게 막고 있어...
14155,%]그 손!
14156,%!빛 속에서 나온 손이 나를 위해
14157,^무언가를 들고 있어...
14158,%]뿔피리를 들고 있어!
14159,%!때가 된 건가?
14160,"%]때가 된 거야, 사랑스러운 애니?"
14161,%!뿔피리를 불 때가 된 거야?
14162,"%]애니, 내가 갈게!"
14163,%!마침내 뿔피리를 불겠어!
14164,%%](그리고 망령은 검은
14165,^  뿔피리를 들어 불기 시작한다)
14166,"%%]애니, 빛이 보여!"
14167,%!빛이 날 데리러 돌아오고 있어!
14168,"%]잘 있어, 애니!"
14169,%!이제 빛 속으로 걸어 들어가...
14170,"%%]그러자 유령이 갑자기 사라지고,"
14171,검은 뿔피리가 바닥으로 떨어지며
14172,^요란한 소리를 낸다!
14200,방의 열린 벽감마다 해골이
14201,"너무 많이 놓여 있어, 이곳이"
14202,성의 시체 안치소였던 듯하다. 한
14203,해골은 두개골에서 뼈 조각 몇 개가
14204,도려내져 있다. 뇌수술이 언제나
14205,성공 아니면 실패였다는 사실을
14206,^냉정하게 일깨워준다.
14250,터널은 갑자기 막혀 있다. 한참 전에
14251,낙반이 있었던 모양이다.
14252,알맞은 도구만 있다면
14253,^파고 지나갈 수도 있을 것 같다...
14260,이곳은 누군가 어떤 이유로
14261,바위를 파고 터널을 내려고 한 듯
14262,깎여 있다. 자세히 살펴보자
14263,갈라진 틈 사이로 희미하게 공기가
14264,스며드는 것이 느껴진다. 아마
14265,반대편에 다른 터널이 있는 듯하다.
14270,화살 세례가 파티를 덮친다!
14275,독가스가 얼굴 앞에서 터진다!
14280,굴러온 돌덩이가 벽에 충돌하고
14281,모두가 옆으로 뛰어 피하려 한다!
14290,뒤쪽에서 통짜 바위로 된 거대한
14291,돌덩이가 경사로를 굴러 내려오며
14292,^복도 안으로 점점 속도를 높인다!
14293,%%]모두 복도 끝을 향해 달린다!
14300,상자가 끈적한 진흙에 붙잡혔다!
14310,1600
14311,우상을 가져간다
14312,우상을 그대로 둔다
14315,점토로 만든 우상 하나가 벽감 안에
14316,"놓여 있고, 마른 꽃잎과 뼈,"
14317,^유리 구슬로 장식되어 있다.
14320,171800
14321,모래주머니를 우상에 던진다
14322,모래주머니와 우상을 바꾼다
14323,우상을 그대로 둔다
14325,점토로 만든 우상 하나가 벽감 안에
14326,"놓여 있고, 마른 꽃잎과 뼈,"
14327,^유리 구슬로 장식되어 있다.
14330,모래주머니가 우상에 맞아
14331,^우상이 바닥으로 휘청거리며 떨어진다!
14332,@재빨리 우상을 낚아챈다!
14335,재빨리 우상을 집어 들고
14336,모래주머니로 바꿔치기한다. 너무 매끄러워
14337,^꽃잎 하나조차 흐트러지지 않는다.
14340,서투르게 모래주머니를 바꾸려다
14341,우상을 건드려 바닥으로
14342,^휘청거리며 떨어뜨린다!
14343,@재빨리 우상을 낚아챈다!
14350,우상을 낚아챈다!
14360,터널이 모래로 가득 차 있어
14361,^더 안쪽으로 갈 수 없다...
14370,일종의 묘실인 듯하다.
14371,붕대로 감싼 미라들이 흙벽에
14372,파낸 벽감마다 누워 있다. 바닥은
14373,"흙과 점토로 되어 있고, 깨진"
14374,^도자기 조각이 방 곳곳에 흩어져 있다.
14380,"갈색 피부의 사람들이 농사를 짓고,"
14381,"목욕하고, 화려한 옷을 입고 춤추는"
14382,모습을 그린 빛바랜 그림이 벽을 덮고 있다.
14383,^아마 일상생활을 기록한 듯하다.
14390,"벽은 흙으로 되어 있고,"
14391,점토 벽돌마다 기묘한 무늬가 새겨져 있다.
14392,"둘러보니 모든 벽이 이런 식이라,"
14393,이곳에 왕실이나 성소 같은
14394,^분위기를 더해준다.
14400,밖으로 나오자 거대한 피라미드의
14401,턱 위에 서 있다. 산에서 솟아오른
14402,사원 같은 피라미드는
14403,^온통 밀림에 둘러싸여 있다.
14410,빈 자루에 모래를 채운다.
14420,문 위의 원형 문양 한가운데에
14421,기묘한 짐승의 머리가
14422,새겨져 있다. 그런데 그 얼굴이
14423,^어쩐지 낯익어 보인다...
14430,문양 앞에서 우상을 흔든다...
14450,짚을 엮어 만든 높은 왕좌 위에
14451,경계심 가득하고 엄격한 소녀가 앉아 있다.
14452,"화려한 머리장식을 쓰고, 목에는"
14453,작은 뼈와 유리 구슬로 만든
14454,목걸이를 여러 겹 두르고 있다. 바로
14455,옆에는 전사 여인 몇 명이
14456,커다란 부채를 흔들고 있다. 또한
14457,오른쪽 뒤에는 거대하고 으스스한
14458,가면을 쓴 또 다른 여인이
14459,파티가 왕좌에 다가오는 동안
14460,^당신을 유심히 노려본다...
14461,"@""나는 아마줄루의 여왕이다!"""
14462,"%!""누가 감히 우리의 성지에 들어왔느냐?"""
14510,<0x02>아니요/<0x03>예/<0x03>그래/<0x03>응/<0x03>물론/<0x03>좋아/
14512,바위를 가져가러 왔느냐?
14515,<0x0A>예/<0x0A>그래/<0x0A>응/<0x0A>물론/<0x0A>좋아/
14516,무슨 일로 사원에 왔느냐?
14517,바위를 가져가러 왔느냐?
14520,그렇다면 제물로 바쳐져야 한다!
14525,무슨 일로 사원에 왔느냐?
14530,<0x04>아니요/<0x05>예/<0x05>그래/<0x05>응/<0x05>물론/<0x05>좋아/
14532,내게 바칠 제물을 가져왔느냐?
14535,선물을 내 앞에 내려놓아라!
14540,<0x04>아니요/<0x07>예/<0x07>그래/<0x07>응/<0x07>물론/<0x07>좋아/
14542,사과하겠느냐?
14545,사과를 받아들이겠다!
14546,"%!그리고 용서의 표시로,"
14547,^금화 3000개도 기부받아 주지!
14548,%
14550,선물과 사과를 요구한다!
14555,마우-무-무가 오늘 밤 제물을 요구한다!
14560,<0x04>아니요/<0x08>예/<0x08>그래/<0x08>응/<0x08>물론/<0x08>좋아/
14562,금화 3000개를 기부하겠느냐?
14570,(여왕이 돌아서서 으스스한 가면의
14571,여인에게 속삭인다)
14572,%!봤지?
14573,%배짱 없는 것들이라니까!
14580,으음...
14581,"%좋아, 좋아"
14582,"%!오오, 정말 예쁘군!"
14583,%]아아! 이것도 좀 봐!!
14584,%!잠깐!
14585,%]잠깐만!!
14586,%!이건 죄다 싸구려 쓰레기잖아!
14587,%]누굴 속이려는 거냐??!
14588,%!감히 우리를 모욕해!!
14590,용서를 살 금화도 없구나!
14595,<0x01><0x01>제물/제물/
14700,으스스한 가면을 쓴 소녀가
14701,"^다가와 속삭인다,"
14702,"!""쉿! 거래할래?"""
14710,내가 제대로 대접해 줄게!
14715,저 성질머리 조심해!
14720,<0x01><0x01>여왕/음... 엉덩이 괜찮은데/
14800,정면에는 연기를 내뿜는
14801,활화산의 정상부가 보인다. 달아오른 숯불밭이
14802,"다리를 이루어 화산 가장자리로 이어지고,"
14803,피라미드에서 반대편으로 건너갈 수 있는
14804,^유일한 길이 되어 있다...
14810,달아오른 숯불 다리는 화산 가장자리까지
14811,"곧장 이어지고, 그 끝은"
14812,^녹아 끓는 용암 중심부 위까지 뻗어 있다...
14813,@용암 위에 서자 화산에서
14814,지진 같은 진동이 느껴지기 시작한다.
14815,마치 곧 분화할 것 같다.
14816,@진동이 점점 강해진다...
14817,%]아래의 용암이 끓기 시작한다!
14818,%]갑자기 화산이 폭발한다!!
14825,"""바위를 가지러 왔군!"""
14826,"%!""그렇다면 널 죽여주마!!"""
14830,치이이익!!
14831,뜨거운 숯이 발을 태운다!
14835,"숯은 새빨갛게 달아올랐지만,"
14836,^그 위를 걸어도 아무 고통이 없다...
14900,~<0x1F>뿔피리에서 구슬픈 울림이 퍼져
14901,^물 건너 멀리까지 메아리친다...
14902,%~<0x1F>%~<0x1F>
14903,"@이윽고 메아리가 사라지고,"
14904,고요를 채우는 것은 강물의 잔잔한
14905,^물결 소리뿐이다...
14906,@%안개 속에서 검은 형체 하나가
14907,^천천히 모습을 드러낸다...
14910,길고 가느다란 배 위에 탄 그는
14911,^배를 부드럽게 몰아 강가에 댄다...
14912,"@""나는 재의 뱃사공 카론이다"""
14920,<0x02>아니요/<0x03>예/<0x03>그래/<0x03>응/<0x03>물론/<0x03>좋아/
14922,내게 줄 재가 있느냐?
14925,재를 내게 다오...
14930,<0x04>아니요/<0x05>예/<0x05>그래/<0x05>응/<0x05>물론/<0x05>좋아/
14932,건너가길 원하느냐?
14940,<0x06>아니요/<0x07>예/<0x07>그래/<0x07>응/<0x07>물론/<0x07>좋아/
14942,요금은 금화 500개다. 내겠느냐?
14945,]
14950,여기는 죽은 자의 섬이다...
14951,%]
14955,여기는 저주받은 자의 섬이다...
14956,%]너에게는 여기까지다...
14960,여행할 금화가 부족하군...
14965,"미안하지만, 이건 내가 만질 수 없어!"
14966,%!직접 돌려놓아야겠군...
14967,"@자, 이 열쇠를 가지고 이 재를"
14968,^죽은 자의 섬으로 돌려놓아 주겠나?
14970,이 재의 옛 주인이 네가 베푼 호의에
14971,보답하고 싶어 하는군.
14972,^그러니 내게 주어진 권한으로...
14975,나는 재의 뱃사공 카론이다
14980,발견 사례금으로 금화 500개를 받았다
14985,그는 내게 많은 이들을 보냈지...
14986,%!하지만 너도 마찬가지였고...
14987,%!죽음은 여러 얼굴을 하고 있지...
14990,"바닥에 원형 문양이 새겨져 있고,"
14991,수많은 낯선 룬과 신비한 기호로
14992,장식되어 있다. 원 안에는
14993,불타는 무덤을 실은 배가
14994,^물을 건너가는 모습이 그려져 있다...
15000,<0x01><0x02><0x02><0x02><0x02><0x02><0x02><0x02><0x02><0x02><0x02><0x02><0x02><0x02><0x02><0x02><0x02><0x02><0x02><0x02><0x03>
15001,<0x04>    미노스 섬    <0x05>
15002,<0x04> 무덤 = 저주받은 자 <0x05>
15003,<0x06><0x07><0x07><0x07><0x07><0x07><0x07><0x07><0x07><0x07><0x07><0x07><0x07><0x07><0x07><0x07><0x07><0x07><0x07><0x07><0x08>
15010,문 아래에서
15011,^책 한 권과 열쇠 하나를 발견한다...
15020,벽감 위에 뼛조각이 잔뜩 쌓여 있다.
15021,미노스 섬에 갇혀 사라진
15022,^어떤 영혼의 마지막 흔적일 것이다...
15030,죽은 미노 데몬의 먼지가 채 가라앉기도 전에
15031,유령 같은 얼굴이 나타난다.
15032,미노스 섬의 저주에 한때 붙잡혔던
15033,^한 남자의 영혼이다...
15040,천 마리 어린 양을 도살하여 
15041," 내게서 비롯된 공허를 만들어내면,"
15042,죽음이 움직여 미노스의 재앙을 거두고 
15043, 삶을 향한 모든 호소는 평화로운 죽음에 이르리라!
15100,그대가 나를 풀어주었구나!
15101,@나는 수년 동안 미노스 섬에 갇혀 있었다.
15102,행동이 아니라 말로 인해 저주받았다.
15103,나의 죄는 말로 저지른 살인이었다.
15104,"나는 오직 말만으로 다른 이를 죽였고,"
15105,그 역시 오직 말 때문에 죽었다.
15106,"마치 내가 직접 검을 휘두른 것처럼,"
15107,"그의 눈은 흐려지고 초점을 잃었으며,"
15108,정신은 멈추고 미소에서는
15109,온기가 빠져나갔다. 내가 처음
15110,"""믿으라""라고 말한 바로 그 순간이었다."
15111,"인간의 본질은 경이로움 속에서 태어나고,"
15112,어린 눈은 의미 너머를 바라본다.
15113,사물을 언제나 새롭게 볼 수 있는 자는
15114,"오래 살리라. 지식이 삶을 섬기고,"
15115,"견해를 섬기지 않는 곳에서. 그러나 그날,"
15116,"내가 처음 ""진실""을 말했을 때, 바로 ""나""는"
15117,죽었다. 지금의 나는 그때의 나였던 자다.
15118,오래전에 떠올렸던 생각의 희미한
15119,메아리만이 한때 기억했던 삶을
15120,떠올리게 했다. 그것이 미노스 섬에서
15121,내가 받은 저주였다. 검은 물에 귀 기울이는
15122,먼 목소리들이 남긴 교훈.
15123,새롭게 바라보는 그대에게 축복이 있기를.
15124,저주는 공허하고 나약하며
15125,"^눈먼 채 ""진실이다""라 말해야만 하는 자들에게 남겨두라..."
15126,@(그리고 망령은 사라진다)
15130,미노스의 저주
15131,!미노스 섬에 머무는 자는
15132,미노스의 저주를 받아
15133,데몬의 모습으로 나타나게 된다.
15134,그리고 그는 자신의 자유가
15135,다른 이들을 파괴하는 데 달렸다는
15136,지식을 받게 된다. 그리하여
15137,"영원히 갇힌 채 살아가며,"
15138,싸워 이길 상대가 나타나기만을
15139,기다리게 된다. 자신이 승리하면
15140,슬픈 저주에서 벗어날 것이라
15141,"믿지만, 결코 알지 못하리라."
15142,자유를 얻는 유일한 길은
15143,자신의 목숨을 걸고 그를 죽이려는
15144,적이 승리하는 것뿐이라는 사실을.
15145,그리고 승리한 그 적 또한
15146,^그 행위로 고통받을 수 있음을...
15150,3500
15151,뗏목에 올라 손잡이를 돌린다
15152,뗏목을 그대로 둔다
15160,문 밖 물 위에는 두꺼운
15161,널빤지로 만든 뗏목이 떠 있다.
15162,벽에 굵은 강철 케이블이 연결되어
15163,뗏목 위의 실패와 손잡이 장치를
15164,뗏목 위의 실패와 크랭크 장치. 
15170,뗏목에 올라 손잡이를 돌려
15171,"케이블을 풀자, 뗏목이 천천히"
15172,^하류로 떠내려가기 시작한다...
15175,뗏목에 올라 손잡이를 돌려
15176,"케이블을 다시 감자, 뗏목이"
15177,^강을 거슬러 올라간다...
15180,3600
15181,뗏목에 올라 손잡이를 돌린다
15182,뗏목을 그대로 둔다
15190,물 위에 뗏목이 하나 떠 있다.
15191,긴 강철 케이블이 뗏목 위의
15192,^실패와 손잡이 장치에 연결되어 있다.
15210,<0x01><0x02><0x02><0x02><0x02><0x02><0x02><0x02><0x02><0x02><0x02><0x02><0x02><0x02><0x02><0x02><0x02><0x02><0x02><0x03>
15211,<0x04>   사이렌의 만   <0x05>
15212,<0x04>  * *  *  *  * *  <0x05>
15213,<0x04>   선원은 조심!   <0x05>
15214,<0x06><0x07><0x07><0x07><0x07><0x07><0x07><0x07><0x07><0x07><0x07><0x07><0x07><0x07><0x07><0x07><0x07><0x07><0x07><0x08>
15215,@만은 너무나 조용하고
15216,^텅 빈 듯하다...
15217,%%]그 순간 갑자기 사방이 포위된다!
15300,깊은 물속에서 수많은 몸이
15301,"물보라를 일으키며 솟아오른다. 반은 여자,"
15302,반은 물고기인 존재들이
15303,평생 바다에서 살아온 듯 자연스럽고
15304,^우아하게 물살을 가른다...
15305,@그들은 뗏목이 닿은 바위를
15306,완전히 에워싼다. 잠시 뒤
15307,물결이 잦아들기를 기다리듯 조용해지더니
15308,이윽고 나지막이
15309,^섬뜩한 노래를 부르기 시작한다:
15310,@우리는 사이렌         
15311,"^   바다의 자매들,"
15312,^우리는 노래하네
15313,^   산들바람 위 슬픔의 노래
15314,@마음속에는 사랑이 있어도   
15315,"^   광기만이 우릴 자유롭게 하네,"
15316,^부드러운 간청을 듣는 남자들을
15317,^   악몽으로 유혹하네...
15318,@오직 아는 자만이             
15319,"^   사이렌의 비탄의 노래를,"
15320,^우리 목에서 춤추는
15321,^   죽음의 시간을 피하리
15322,@그 밖의 자들은 죽으리라     
15323,"^   광기가 우릴 취하게 하니,"
15324,^오라 사이렌들아! 인간들을 유혹해
15325,^   바다 위 죽음으로 이끌자...
15326,@그러자 사이렌들이 소름 끼치도록
15327,불협화음인 화음을 질러대기 시작한다.
15328,그 싸늘한 울림은 공기를 가르며
15329,거대한 배와 선원들의 등을 꺾을 듯하다.
15330,"울부짖는 노래 위로 한 명이 외친다,"
15331,"@""우리는 누구냐, 자매들이여?"""
15332,"@목소리들이 일제히 답한다,"
15333,"!""우리는 사이렌이다!"""
15334,"@홀로 외친 목소리가 다시 묻는다,"
15335,"!""우리는 왜 노래하느냐?"""
15336,"@수많은 목소리가 폭풍처럼 답한다,"
15337,"!""광기가 우리를 자유롭게 하니까!"""
15338,"@노래가 열병처럼 달아오르고,"
15339,"^홀로 외치던 목소리가 다시 말한다,"
15340,"!""무엇을 노래하느냐, 자매들이여?"""
15341,"@합창이 장중하게 답한다,"
15342,"!""사이렌의 비탄의 노래!"""
15343,"@노래가 광란으로 치달은 순간,"
15344,갑자기 홀로 있던 여자 물고기가
15345,"^당신을 향해 돌아서며 비명을 지른다,"
15350,<0x02>광기가 우리를 자유롭게 한다/
15352,그렇다면 사이렌의 비탄의 노래란 무엇이냐?
15360,"오, 고귀한 여행자들이여!"
15361,%!그대들은 우리의 비탄의 노래를 알고 있구나!
15362,@그러므로 다시 그대들이 택한 길로
15363,"돌아갈 자유를 주겠다. 기억하라,"
15364,사이렌은 영원히 인간을 광기로 유혹해야 한다.
15365,"오직 광기만이 그녀를 자유롭게 하며,"
15366,^이 물을 지나는 필멸자는 조심해야 한다!
15367,@하지만 그대들은 우리의 노래를 듣고도
15368,"살아남았으니, 우리는 그대들의"
15369,^여정을 도와야 할 의무가 있다...
15380,이 마법의 날개를 선물로 받아라.
15381,강을 오가야 할 때 사용하도록 하라.
15382,필멸자의 다리는 물 위에서는
15383,쓸모가 없으니. 이제 우리를 떠나라.
15384,곧 광기가 우리를 자유롭게 하고
15385,지금까지 있었던 모든 일을 잊게 하리라.
15386,우리가 바라는 자유는
15387,과거로부터의 자유이기 때문이다. 우리의
15388,모든 사슬과 슬픔은 과거에 있다.
15389,"그래서 우리는 노래하고 잊으며,"
15390,그렇게 그 자유를 찾는다.
15391,^기억 없음이라는 광기가 우리를 자유롭게 한다...
15392,@(그리고 사이렌들은 조용히 다시
15393,"^ 물속으로 미끄러져 들어가,"
15394,^ 아무 일도 없었던 듯 완전히 사라진다...)
15400,"오, 불쌍한 여행자들이여!"
15401,%!그대들은 파멸했다!
15402,%우리 광기의 노래를 맛보아라!
15440,$ 벽에 붙은 공지에는 이렇게 적혀 있다:
15441,!해상 분실물
15442,D.J. 로커
15443,"빨간 X 동쪽 3, 북쪽 1"
15450,<0x01><0x02><0x02><0x02><0x02><0x02><0x02><0x02><0x02><0x02><0x02><0x02><0x02><0x02><0x02><0x02><0x02><0x02><0x02><0x03>
15451,<0x04> 잃어버린 자들의 섬 <0x05>
15452,<0x04> 찾아서 얻으라 <0x05>
15453,<0x06><0x07><0x07><0x07><0x07><0x07><0x07><0x07><0x07><0x07><0x07><0x07><0x07><0x07><0x07><0x07><0x07><0x07><0x07><0x08>
15454,"@섬의 물가는 온통 모래로 뒤덮여 있고,"
15455,^물가를 따라 해변이 펼쳐져 있다...
15460,<0x01><0x02><0x02><0x02><0x02><0x02><0x02><0x02><0x02><0x02><0x02><0x02><0x02><0x02><0x02><0x02><0x02><0x02><0x02><0x02><0x03>
15461,<0x04> * 보틀 오라클 * <0x05>
15462,<0x06><0x07><0x07><0x07><0x07><0x07><0x07><0x07><0x07><0x07><0x07><0x07><0x07><0x07><0x07><0x07><0x07><0x07><0x07><0x07><0x08>
15470,마개가 꽂힌 낡은 병 하나가 떠밀려 와
15471,^모래 위에 덩그러니 놓여 있다...
15480,병마개를 빼 보니 안에서
15481,^다음과 같은 쪽지가 나온다:
15482,!38-23-36
15485,"보틀 오라클에게,                 "
15486,!^보관소의 섬에서 받은 보관 번호를
15487,^잊어버렸어요. 혹시 알고 있나요?
15488,!^               버그브레인스 씀
15490,병 안으로 순식간에 물이 차오르더니
15491,^곧 가라앉기 시작한다...
15500,병을 물에 띄우자
15501,^멀리 떠내려간다...
15510,모래를 파헤치다가
15511,^낡은 금속 열쇠를 발견한다...
15520,상자 안에는 오래전에 버려진
15521,^보급품 몇 가지가 들어 있다...
15530,무언가가 걸렸다!
15531,!%묵직하다!
15532,"@힘겹게 무거운 보관함을 끌어올리지만,"
15533,물 밖으로 끌어내는 사이 보관함은
15534,^녹슨 파편으로 산산이 부서진다...
15540,"바위 표면에 굵고 붉은 ""X""가"
15541,그려져 있다. 무언가를 가리키는
15542,^특별한 표시 같다...
15550,사이렌의 노래
15551,!우리는 사이렌         
15552,"^   바다의 자매들,"
15553,^우리는 노래하네
15554,^   산들바람 위 슬픔의 노래
15555,!마음속에는 사랑이 있어도   
15556,"^   광기만이 우릴 자유롭게 하네,"
15557,^부드러운 간청을 듣는 남자들을
15558,^   악몽으로 유혹하네...
15559,@오직 아는 자만이             
15560,"^   사이렌의 비탄의 노래를,"
15561,^우리 목에서 춤추는
15562,^   죽음의 시간을 피하리
15563,!그 밖의 자들은 죽으리라     
15564,"^   광기가 우릴 취하게 하니,"
15565,^오라 사이렌들아! 인간들을 유혹해
15566,^   바다 위 죽음으로 이끌자...
15567,"@독창  : 우리는 누구냐, 자매들이여?"
15568,!^합창: 우리는 사이렌이다!
15569,!^독창  : 우리는 왜 노래하느냐?
15570,!^합창: 우리가 바로 광기이기 때문이다!
15571,"@독창  : 무엇을 노래하느냐, 자매들이여? "
15572,!^합창: 사이렌의 비탄의 노래!
15573,!^독창  : 그렇다면 비탄의 노래란 무엇인가?
15574,!^합창: 광기가 우리를 자유롭게 한다!
15580,<0x01><0x02><0x02><0x02><0x02><0x02><0x02><0x02><0x02><0x02><0x02><0x02><0x02><0x02><0x02><0x02><0x02><0x03>
15581,<0x04> 스틱스 강 <0x05>
15582,<0x06><0x07><0x07><0x07><0x07><0x07><0x07><0x07><0x07><0x07><0x07><0x07><0x07><0x07><0x07><0x07><0x07><0x08>
15590,탁 트인 곳으로 나오자 코끝에
15591,물 냄새가 스친다. 마치
15592,^호수 같은 곳에 가까이 온 듯하다...
15593,@그리고 마침내 그것이 보인다. 바위 턱을
15594,둘러싸고 흐르는 강은 시야가 닿는 곳까지
15595,지하 동굴의 사방으로 구불구불 이어지다
15596,마침내
15597,^안개 속으로 사라진다...
15600,<0x01><0x02><0x02><0x02><0x02><0x02><0x02><0x02><0x02><0x02><0x02><0x02><0x02><0x02><0x02><0x02><0x02><0x02><0x02><0x03>
15601,<0x04> 죽은 자들의 섬 <0x05>
15602,<0x06><0x07><0x07><0x07><0x07><0x07><0x07><0x07><0x07><0x07><0x07><0x07><0x07><0x07><0x07><0x07><0x07><0x07><0x07><0x08>
15610,기괴한 납골당 안에 들어서자 감각이
15611,불길한 기운을 경고한다. 닥쳐올 위험의
15612,"전조일 수도 있고, 아니면 그저"
15613,수많은 시체에 둘러싸였다는
15614,^현실 탓일지도 모른다...
15620,<0x01><0x02><0x02><0x02><0x02><0x02><0x02><0x02><0x02><0x02><0x02><0x02><0x02><0x02><0x02><0x02><0x02><0x02><0x02><0x03>
15621,<0x04> 보관소의 섬 <0x05>
15622,<0x06><0x07><0x07><0x07><0x07><0x07><0x07><0x07><0x07><0x07><0x07><0x07><0x07><0x07><0x07><0x07><0x07><0x07><0x07><0x08>
15630,아름다운 열대 여인이 작은 요새에서
15631,"^나와 말한다,"
15632,"!""섬의 보관소에 오신 걸 환영해요!"""
15633,@하지만 죄송하게도 지금은
15634,^보관 공간이 하나도 남지 않았어요...
15635,@나중에 다시 와 보세요!
15640,맡긴 물건을 찾으러 오셨나요?
15641,%!우와! 정말 잘됐네요!!
15642,%!저희도 공간이 정말 필요했거든요!
15650,<0x02>38-23-36/
15652,보관 번호가 어떻게 되죠?
15660,죄송하지만 보관 번호가 꼭 필요해요.
15661,번호가 없으면 물건을 훔치려는
15662,사기꾼이 아닌지 어떻게 알겠어요?
15665,<0x01><0x01>보크/보크/
15670,우와! 좋아요!!
15671,"%!잠깐만요, 제가 확인해 볼게요..."
15672,%%]꺄아아악!
15673,!%살려 줘요! 살려 줘요!!
15674,%]갑자기 열대 여인이 비명을 지르며
15675,요새에서 뛰쳐나와 물로 뛰어들더니
15676,있는 힘껏 빠르게
15677,^헤엄쳐 달아난다...
15680,울라-울라! 나는 마이-라이다!
15685,곧 다시 와요!
15690,요새 안으로 들어간다...
15691,%!완전히 난장판이다...
15692,%]그때 키가 두 자쯤 되는 난쟁이가
15693,^이리저리 뛰며 닥치는 대로 부수고 있다...
15694,%%!보크가 난동을 부리고 있다!!
15700,"작은 지하 영묘에는 곰팡이와 발효물,"
15701,어쩌면 오래된 시체 냄새까지
15702,뒤섞여 있다. 수년간 고요히 썩어 가던
15703,이곳을 방해한 것은
15704,^당신들이 처음인 듯하다...
15710,방 안에는 돌 석관이 줄지어 늘어서 있다.
15711,죽은 자들의 개인 추모실인 모양이다.
15712,"이런 시설이 ""저주받은 자들의"
15713,"섬""이라 불리는 곳에 있다는 것이"
15714,^묘하게 느껴진다...
15720,<0x01><0x02><0x02><0x02><0x02><0x02><0x02><0x02><0x02><0x02><0x02><0x02><0x02><0x02><0x02><0x02><0x02><0x02><0x02><0x02><0x02><0x02><0x03>
15721,<0x04> 클라이드 스몰헤드 경 <0x05>
15722,<0x06><0x07><0x07><0x07><0x07><0x07><0x07><0x07><0x07><0x07><0x07><0x07><0x07><0x07><0x07><0x07><0x07><0x07><0x07><0x07><0x07><0x07><0x08>
15723,평생 열심히 일했으나
15724,한 푼도 벌지 못했다
15730,<0x01><0x02><0x02><0x02><0x02><0x02><0x02><0x02><0x02><0x02><0x02><0x02><0x02><0x02><0x02><0x02><0x02><0x02><0x02><0x02><0x02><0x02><0x03>
15731,<0x04> 메임 에일라 피키미스 <0x05>
15732,<0x06><0x07><0x07><0x07><0x07><0x07><0x07><0x07><0x07><0x07><0x07><0x07><0x07><0x07><0x07><0x07><0x07><0x07><0x07><0x07><0x07><0x07><0x08>
15733,영웅을 기다리다
15734,아직도 기다리는 중
15740,<0x01><0x02><0x02><0x02><0x02><0x02><0x02><0x02><0x02><0x02><0x02><0x02><0x02><0x02><0x02><0x02><0x02><0x02><0x02><0x02><0x02><0x02><0x03>
15741,<0x04> 와일드 빌리 레스트리스 <0x05>
15742,<0x06><0x07><0x07><0x07><0x07><0x07><0x07><0x07><0x07><0x07><0x07><0x07><0x07><0x07><0x07><0x07><0x07><0x07><0x07><0x07><0x07><0x07><0x08>
15743,한시도 가만있지 않았고
15744,다가오는 것도 보지 못했다
15750,<0x01><0x02><0x02><0x02><0x02><0x02><0x02><0x02><0x02><0x02><0x02><0x02><0x02><0x02><0x02><0x02><0x02><0x02><0x03>
15751,<0x04> 새드 해피 하포 <0x05>
15752,<0x06><0x07><0x07><0x07><0x07><0x07><0x07><0x07><0x07><0x07><0x07><0x07><0x07><0x07><0x07><0x07><0x07><0x07><0x08>
15753,모두를 웃겼지만
15754,술 마시다 죽었다
15760,<0x01><0x02><0x02><0x02><0x02><0x02><0x02><0x02><0x02><0x02><0x02><0x02><0x02><0x02><0x02><0x02><0x02><0x02><0x02><0x02><0x03>
15761,<0x04> 돈 후안 러브퍼피 <0x05>
15762,<0x06><0x07><0x07><0x07><0x07><0x07><0x07><0x07><0x07><0x07><0x07><0x07><0x07><0x07><0x07><0x07><0x07><0x07><0x07><0x07><0x08>
15763,애정을 갈구했고
15764,감염으로 죽었다
15770,<0x01><0x02><0x02><0x02><0x02><0x02><0x02><0x02><0x02><0x02><0x02><0x02><0x02><0x02><0x02><0x02><0x02><0x02><0x02><0x02><0x02><0x03>
15771,<0x04> 불쌍한 맨디 헬프풀 <0x05>
15772,<0x06><0x07><0x07><0x07><0x07><0x07><0x07><0x07><0x07><0x07><0x07><0x07><0x07><0x07><0x07><0x07><0x07><0x07><0x07><0x07><0x07><0x08>
15773,너무나 남을 기쁘게 하려 했지만
15774,모두가 그녀를 싫어했다
15780,<0x01><0x02><0x02><0x02><0x02><0x02><0x02><0x02><0x02><0x02><0x02><0x02><0x02><0x02><0x02><0x02><0x02><0x03>
15781,<0x04> 불리 빅보시 <0x05>
15782,<0x06><0x07><0x07><0x07><0x07><0x07><0x07><0x07><0x07><0x07><0x07><0x07><0x07><0x07><0x07><0x07><0x07><0x08>
15783,모두에게 존경받았다
15784,그들은 그를 237번 쐈다
15790,<0x01><0x02><0x02><0x02><0x02><0x02><0x02><0x02><0x02><0x02><0x02><0x02><0x02><0x02><0x02><0x02><0x02><0x02><0x02><0x02><0x02><0x03>
15791,<0x04> 빌트 바르다 벅섬 <0x05>
15792,<0x06><0x07><0x07><0x07><0x07><0x07><0x07><0x07><0x07><0x07><0x07><0x07><0x07><0x07><0x07><0x07><0x07><0x07><0x07><0x07><0x07><0x08>
15793,너무나 인기가 많아서
15794,닳아 없어졌다
15800,<0x01><0x02><0x02><0x02><0x02><0x02><0x02><0x02><0x02><0x02><0x02><0x02><0x02><0x02><0x02><0x02><0x02><0x02><0x02><0x02><0x02><0x02><0x03>
15801,<0x04> 나르시서스 고딜러브미 <0x05>
15802,<0x06><0x07><0x07><0x07><0x07><0x07><0x07><0x07><0x07><0x07><0x07><0x07><0x07><0x07><0x07><0x07><0x07><0x07><0x07><0x07><0x07><0x07><0x08>
15803,아무도 필요 없다 했고
15804,정말 아무도 곁에 없었다
15810,<0x01><0x02><0x02><0x02><0x02><0x02><0x02><0x02><0x02><0x02><0x02><0x02><0x02><0x02><0x02><0x02><0x02><0x02><0x02><0x02><0x02><0x03>
15811,<0x04> 미치광이 폭탄범 이라라비 <0x05>
15812,<0x06><0x07><0x07><0x07><0x07><0x07><0x07><0x07><0x07><0x07><0x07><0x07><0x07><0x07><0x07><0x07><0x07><0x07><0x07><0x07><0x07><0x08>
15813,대의를 위해 싸웠고
15814,주로 아이들을 죽였다
15820,<0x01><0x02><0x02><0x02><0x02><0x02><0x02><0x02><0x02><0x02><0x02><0x02><0x02><0x02><0x02><0x02><0x02><0x02><0x02><0x02><0x02><0x02><0x03>
15821,<0x04> 이라라비 할아버지 <0x05>
15822,<0x06><0x07><0x07><0x07><0x07><0x07><0x07><0x07><0x07><0x07><0x07><0x07><0x07><0x07><0x07><0x07><0x07><0x07><0x07><0x07><0x07><0x07><0x08>
15823,대의를 위해 죽겠다 했으나
15824,대신 수백만을 죽였다
15830,<0x01><0x02><0x02><0x02><0x02><0x02><0x02><0x02><0x02><0x02><0x02><0x02><0x02><0x02><0x02><0x02><0x02><0x02><0x02><0x02><0x03>
15831,<0x04> 돈 마로 터프가이 <0x05>
15832,<0x06><0x07><0x07><0x07><0x07><0x07><0x07><0x07><0x07><0x07><0x07><0x07><0x07><0x07><0x07><0x07><0x07><0x07><0x07><0x07><0x08>
15833,두려운 것이 없었지만
15834,뷰익에 치여 죽었다
15840,<0x01><0x02><0x02><0x02><0x02><0x02><0x02><0x02><0x02><0x02><0x02><0x02><0x02><0x02><0x02><0x02><0x02><0x02><0x02><0x02><0x02><0x02><0x02><0x03>
15841,<0x04> 아이작 와이젠스타인 경 <0x05>
15842,<0x06><0x07><0x07><0x07><0x07><0x07><0x07><0x07><0x07><0x07><0x07><0x07><0x07><0x07><0x07><0x07><0x07><0x07><0x07><0x07><0x07><0x07><0x07><0x08>
15843,그 많은 머리를 갖고도
15844,끝내 깨닫지 못했다
15850,<0x01><0x02><0x02><0x02><0x02><0x02><0x02><0x02><0x02><0x02><0x02><0x02><0x02><0x02><0x02><0x02><0x02><0x02><0x02><0x02><0x02><0x02><0x02><0x02><0x02><0x03>
15851,<0x04> 아바솔루티 리 애버리바디 <0x05>
15852,<0x06><0x07><0x07><0x07><0x07><0x07><0x07><0x07><0x07><0x07><0x07><0x07><0x07><0x07><0x07><0x07><0x07><0x07><0x07><0x07><0x07><0x07><0x07><0x07><0x07><0x08>
15853,아무도 자신을 이해 못 한다며 울었고
15854,징징대는 사이 몽땅 털렸다
15900,뼈들을 건드렸다!
15950,"성 동쪽의 으스스한 습지,"
15951,성의 늪지대로 나오게 된다.
15952,음산한 나무 사이를 드나드는 길 덕분에
15953,조심스럽게 걸어서
15954,^물기 어린 습원을 지나갈 수 있다...
15960,안개 너머로 어렴풋이
15961,성의 윤곽이 보인다.
15962,성은 나무들 위로
15963,^높이 솟아 있다...
15970,질척한 땅 위에 겨우 알아볼 만한
15971,작은 발자국들이 남아 있다.
15972,작은 생물이 깡충거리며 남긴 듯하며
15973,^근처 수풀 속으로 이어진다...
16000,바로 앞에 아주 기묘한 광경이 보인다.
16001,팔과 다리가 잔뜩 달린 꽤 특이한
16002,괴생물이 늪 가장자리의
16003,버섯 하나 위에 높이 앉아
16004,조금 초조하고 불안한 모습이다.
16010,향긋한 버섯 위 높은 곳에 자리 잡은
16011,거대한 벌레 같은 생물은 펜과 양피지로
16012,매우 복잡한 수학 공식을
16013,^한창 써 내려가고 있다...
16020,갑자기 당신들의 존재를 알아차리고 놀란 그는
16021,"작게 ""흥"" 하고 콧소리를 내며"
16022,^종이를 떨어뜨렸다가 말한다:
16023,@음...
16024,%!이런!...
16025,@작은 두 눈은 안경 때문에 커다랗게 보인다.
16026,"그 안경은 코 위에 걸쳐져 있고,"
16027,잠시 일행을 유심히
16028,"^바라본 뒤 조심스레 묻는다,"
16030,<0x02>아니요/<0x03>예/<0x03>그래/<0x03>응/<0x03>물론/
16032,혹시 한 모금 피울 거 없나?
16040,찾았어? 응? 찾았어 찾았어??!
16050,"*한숨* 부끄러운 말이지만,"
16051,내 물담뱃대를 어디 뒀는지
16052,^도무지 기억이 안 나는군...
16053,@보다시피 나는 마지막으로 알려진
16054,물담뱃대의 물리적 좌표를 기준으로
16055,"내 정확한 공간적, 시간적 위치를"
16056,재계산해서
16057,문제의 그 물담뱃대가 현재
16058,우주의 어디에 있는지를
16059,^산출하려 하고 있었네...
16070,"지난여름 섬으로 휴가 갈 때 가져갔고,"
16071,안전하게 보관하려고 어딘가에
16072,"두었던 것까지는 기억나는데,"
16073,이제 어디 뒀는지가 기억이 안 나!
16074,@단서라고는 주머니에서 발견한
16075,이 작은 종이쪽지뿐이네.
16076,"거기 적힌 내용을 그대로 읽어 주지,"
16077,"@""보관한 물품을 되찾으려면 직원에게"
16078,'찾아가기'를 원한다고
16079,"알리십시오"""
16090,보관 번호?
16091,%!보관 번호?!!
16092,%!세상에!
16093,%!그래서 그 숫자가 있었던 거군!
16094,%!!그러니 수성의 집이
16095,물병자리 위에서 금성과 충돌하려 한 것도 당연하지!
16096,%!!하지만 자네가 말하고 나니
16097,그 번호가 뭔지는 전혀 모르겠군...
16098,"%!!이건 바로,..."
16099,"%!!            ""보틀 오라클""이 맡을 일이야"
16110,보틀 오라클은 정말 아주 간단해!
16111,%!!질문을 병에 넣어서
16112,"""보틀 오라클""이라는 표지판이 있는 곳에서"
16113,강에 띄워 보내기만 하면 돼...
16114,@그다음 그 병을 찾기만 하면
16115,마법처럼 병 안에
16116,답이 들어 있을 거야!
16120,@정말 놀랍지!
16121,"%!!아, 왜 진작 생각 못 했지!"
16122,%!!(애벌레가 종이에 무언가를
16123,적더니 당신에게 건넨다)
16125,"%!자, 이 쪽지를 병에 넣고 봉해서"
16126,보틀 오라클에게 보내 줘.
16127,%!!곧 답을 얻게 될 거야!
16130,한 모금 피울 수 있으면 좋겠는데!
16135,또 봐!
16140,으으음....
16141,%(후우 후우)
16142,%아아아!!!
16143,%(후우 후우)
16144,"%]역시 제대로 한 모금 빠는 맛이 최고지, 안 그래?"
16145,%!(후우 후우)
16146,%]이이이야아아아!!
16147,%(후우 후우 *쌕쌕*)
16148,%컥! *헉* (켁켁)
16149,%(콜록 컥 캑)
16150,%]좀 더 순한 걸 피워야겠군...
16151,%*헤 헤 헤*
16152,%이번엔 정말 부드러운 걸로...
16160,<0x04>아니요/<0x05>예/<0x05>그래/<0x05>응/<0x05>물론/<0x05>좋아/
16162,"""작아지고"" 싶나?"
16165,마음이 바뀌면 이걸 한번 써 봐!
16170,그럼 언젠가 이걸 한번 써 봐!
16180,그럼 실례하겠네. 난 *헉*
16181,아늑한 나무 아래로 기어가서
16182,내 물담뱃대와 다시 친해져야겠어.
16183,^*헤 헤* (꺼억! *쌕쌕*)
16190,<0x01><0x01>연기/연기/
16200,"*한숨* 부끄러운 말이지만,"
16201,내 물담뱃대를 어디 뒀는지
16202,도무지 기억이 안 나는군...
16203,@보다시피 나는 마지막으로 알려진
16204,물담뱃대의 물리적 좌표를 기준으로
16205,"내 정확한 공간적, 시간적 위치를"
16206,재계산해서
16207,@문제의 그 물담뱃대가 현재
16208,우주의 어디에 있는지를 산출하려
16209,하고 있었네...
16300,<0x01><0x02><0x02><0x02><0x02><0x02><0x02><0x02><0x02><0x02><0x02><0x02><0x02><0x02><0x02><0x02><0x02><0x02><0x02><0x03>
16301,<0x04> 길 잃은 전사 <0x05>
16302,<0x06><0x07><0x07><0x07><0x07><0x07><0x07><0x07><0x07><0x07><0x07><0x07><0x07><0x07><0x07><0x07><0x07><0x07><0x07><0x08>
16303,추모하며
16304,그가 집으로 가는 길을 찾기를
16310,제단 위에는 고운 재가 작은 언덕처럼
16311,담긴 검은 항아리가 놓여 있다.
16312,재에서는 향긋한 냄새가 나며
16313,이 지하묘지의 음울한 분위기와는
16314,^묘한 대조를 이룬다...
16320,근처 촛불에 향을 갖다 대자
16321,불이 붙어 은은히 빛나며
16322,달콤한 연기를 피운다. 그것을 조심스레
16323,^작은 항아리 안에 떨어뜨린다...
16324,@갑자기 공기가 한결 가벼워진다.
16325,마치 떠도는 영혼들이 잠시나마
16326,^감사와 함께 평온을 되찾은 듯하다...
16330,작은 재 원통을
16331,^제단 위에 놓는다...
16340,<0x01><0x02><0x02><0x02><0x02><0x02><0x02><0x02><0x02><0x02><0x02><0x02><0x02><0x02><0x02><0x02><0x02><0x02><0x02><0x03>
16341,<0x04> 죽은 자들의 전당 <0x05>
16342,<0x06><0x07><0x07><0x07><0x07><0x07><0x07><0x07><0x07><0x07><0x07><0x07><0x07><0x07><0x07><0x07><0x07><0x07><0x07><0x08>
16350,무언가 들린 것 같다...
16360,희미한 목소리 같다...
16361,"%%]!""이이이곳을 떠나라....."""
16362,"%%]!""너희 세계로 돌아가라..."""
16365,"!죽어라, 사악한 모독자들아!"
16370,!추악한 침입자들아!
16375,"!결국 나를 찾아냈구나, 응???"
16376,%]!우리가 너어어를 잡으러 간다!!
16380,천장에서 거대한 돌이 떨어졌다!
16385,기묘한 빛이 일행을 감싼다...
16390,악마의 바람이 복도를 휩쓴다!
16400,<0x01><0x02><0x02><0x02><0x02><0x02><0x02><0x02><0x02><0x02><0x02><0x02><0x02><0x02><0x02><0x02><0x02><0x02><0x02><0x02><0x02><0x02><0x03>
16401,<0x04>   로빈 윈드마른   <0x05>
16402,<0x04>   하이랜더 드로우   <0x05>
16403,<0x04>  제1계위 수호자 <0x05>
16404,<0x06><0x07><0x07><0x07><0x07><0x07><0x07><0x07><0x07><0x07><0x07><0x07><0x07><0x07><0x07><0x07><0x07><0x07><0x07><0x07><0x07><0x07><0x08>
16410,<0x01><0x02><0x02><0x02><0x02><0x02><0x02><0x02><0x02><0x02><0x02><0x02><0x02><0x02><0x02><0x02><0x02><0x02><0x02><0x02><0x02><0x02><0x02><0x03>
16411,<0x04> 제프리 클레이턴 경 <0x05>
16412,<0x04>   흑기사   <0x05>
16413,<0x04>  제2계위 수호자  <0x05>
16414,<0x06><0x07><0x07><0x07><0x07><0x07><0x07><0x07><0x07><0x07><0x07><0x07><0x07><0x07><0x07><0x07><0x07><0x07><0x07><0x07><0x07><0x07><0x07><0x08>
16420,<0x01><0x02><0x02><0x02><0x02><0x02><0x02><0x02><0x02><0x02><0x02><0x02><0x02><0x02><0x02><0x02><0x02><0x02><0x02><0x02><0x02><0x02><0x03>
16421,<0x04> 브리거드 단스 볼탄 <0x05>
16422,<0x04> 장미의 대메나드 <0x05>
16423,<0x04>  제3계위 수호자 <0x05>
16424,<0x06><0x07><0x07><0x07><0x07><0x07><0x07><0x07><0x07><0x07><0x07><0x07><0x07><0x07><0x07><0x07><0x07><0x07><0x07><0x07><0x07><0x07><0x08>
16430,<0x01><0x02><0x02><0x02><0x02><0x02><0x02><0x02><0x02><0x02><0x02><0x02><0x02><0x02><0x02><0x02><0x02><0x02><0x02><0x02><0x02><0x02><0x02><0x03>
16431,<0x04> 하이야토 다이쿠타 로드 <0x05>
16432,<0x04> 요짐보 카이샤쿠닌 <0x05>
16433,<0x04>  제4계위 수호자  <0x05>
16434,<0x06><0x07><0x07><0x07><0x07><0x07><0x07><0x07><0x07><0x07><0x07><0x07><0x07><0x07><0x07><0x07><0x07><0x07><0x07><0x07><0x07><0x07><0x07><0x08>
16440,"오, 칠흑 같은 밤이여,"
16441,죽음의 기쁨이 되어라;
16442,"일어나라, 하수인들이여,"
16443,"뼈들이여, 생명을 얻어라!"
16444,"%%]그러자 뼈에 살이 돋아나며 말한다,"
16445,"%!""주인님, 수호자가 부름을 받들었습니다!"""
16450,지하묘지를 가득 메운 창백하고 차가운
16451,"해골 때문인지, 아니면 죽은 자들의"
16452,방 아래 숨어 있을지도 모르는
16453,또 다른 무언가의 섬뜩한 공포 때문인지
16454,"알 수 없지만, 한 가지는 확실하다,..."
16455,@엄청난 위험이 아주 가까이 있다는
16456,"뚜렷한 감각과 함께,"
16457,답에 점점 가까워지고 있다는
16458,미묘한 느낌이 든다... 사악한 무언가의 일부...
16459,@이 모든 것의 중심에 있는 무언가...   
16470,<0x01><0x02><0x02><0x02><0x02><0x02><0x02><0x02><0x02><0x02><0x02><0x02><0x02><0x02><0x02><0x02><0x02><0x02><0x02><0x02><0x02><0x02><0x02><0x03>
16471,<0x04>   왕의 무덤   <0x05>
16472,<0x04>     아람의 군주     <0x05>
16473,<0x04>   사망: ..........   <0x05>
16474,<0x06><0x07><0x07><0x07><0x07><0x07><0x07><0x07><0x07><0x07><0x07><0x07><0x07><0x07><0x07><0x07><0x07><0x07><0x07><0x07><0x07><0x07><0x07><0x08>
16480,<0x01><0x02><0x02><0x02><0x02><0x02><0x02><0x02><0x02><0x02><0x02><0x02><0x02><0x02><0x02><0x02><0x02><0x02><0x02><0x02><0x02><0x02><0x03>
16481,<0x04>  여왕의 무덤  <0x05>
16482,<0x04>   아람의 여신   <0x05>
16483,<0x04>  사망: 연도=뱀들  <0x05>
16484,<0x06><0x07><0x07><0x07><0x07><0x07><0x07><0x07><0x07><0x07><0x07><0x07><0x07><0x07><0x07><0x07><0x07><0x07><0x07><0x07><0x07><0x07><0x08>
16490,<0x01><0x02><0x02><0x02><0x02><0x02><0x02><0x02><0x02><0x02><0x02><0x02><0x02><0x02><0x02><0x02><0x02><0x02><0x02><0x02><0x02><0x02><0x03>
16491,<0x04>  아이의 무덤  <0x05>
16492,<0x04>    딸=아람    <0x05>
16493,<0x04>  공주=어둠  <0x05>
16494,<0x06><0x07><0x07><0x07><0x07><0x07><0x07><0x07><0x07><0x07><0x07><0x07><0x07><0x07><0x07><0x07><0x07><0x07><0x07><0x07><0x07><0x07><0x08>
16500,방 안은 텅 비어 아무 흔적도 없다.
16501,"마치 ""들어올 예정인 주인""이"
16502,^아직 도착하지 않은 듯하다...
16503,@거의 느껴지지 않을 정도로 서늘한
16504,"바람이 스치고, 그것이 사라지자"
16505,누군가와 함께 있는 듯한
16506,^기척이 느껴진다...
16507,@!누군가를 찾고 있나?
16508,%%]등 뒤에서 낮고 위엄 있는 목소리가
16509,들려온다. 당신들은 몸을 돌려
16510,^정체불명의 말을 건 자를 마주한다...
16520,하지만 아무것도 없다...
16521,"@그때 공기를 가르는 기묘한 ""휙"" 소리가"
16522,"들리고, 다시 한 번 바람이"
16523,^얼굴을 스친다...
16524,@그리고 갑자기 그것이 보인다!
16600,!그르르르아아아아악!
16601,%]!나는 복수를 원한다!
16602,%]!하지만 내가 찾는 자들은
16603,^너희가 아니로구나...
16604,%%]!내가 기다리던 자들이 바로 너희다!
16605,%]이 어둠의 성에서 벌어진 재앙과 악에
16606,대해 말해 주겠다. 이야기를 듣고 나면
16607,뼈가 시리고
16608,^핏줄마저 얼어붙을 것이다...
16609,"@오래전, 욕망에 사로잡힌 강대한"
16610,영주가 이 땅을 다스렸다. 그는
16611,^기름부음 받은 왕의 후손의 후손이었다...
16612,@하지만 그는 이 영지만 다스리는 것으로는
16613,만족하지 못했다. 조상의 피가
16614,그의 안에서 다시 외치기 시작했다.
16615,^강대한 왕이 되라고...
16616,@왕이 되려면 왕관만으로는 부족하다.
16617,왕은 지배할 힘도 지녀야 한다.
16618,^그렇지 않으면 몰락한다...
16619,@진정한 힘은 지배하는 힘이다.
16620,지배하지 못하는 자에게 힘은 없다...
16621,@그래서 그는 지배를 연구했다. 그리고
16622,연구에 그치지 않고 알아낸 것을
16623,실제로 써먹었다. 그는 평범한 사람은
16624,권위를 내세우는 자에게 너무나 쉽게
16625,굴복한다는 사실을 깨달았다. 자신에게
16626,신성한 권능이라도 있는 듯 행동하기만 하면
16627,사람들은 머리를 숙이고
16628,그의 지배를 받아들이며
16629,^그 권위를 의심할 생각조차 하지 않았다...
16630,@그리하여 그는 성 북쪽에 있는
16631,"어둠의 신전을 세우고,"
16632,그 상징으로 숫양을 택했다.
16633,어리석고 나약한 자들이 이미 의심과
16634,^공포의 눈으로 보던 짐승이었다...
16635,@그리고 왕을 꿈꾸던 그는 미쳐 버렸다!
16636,@권력을 향한 꿈이 오히려 그를 지배했다.
16637,"그런 갈증이 으레 그러하듯, 그는"
16638,불경한 성전을 시작해 자신의 위엄에
16639,저항하지 못하는 나약한 자들을
16640,먹잇감으로 삼았다. 그리고 더 어두운 힘에 손댔다...
16641,지옥의 악마들을 불러내자
16642,욕망과 함께 그의 힘도 커져 갔다.
16643,그 힘의 샘을 들이켜면서도 그는
16644,그 힘이 자신의 내면의 영혼을
16645,^연료 삼고 있음을 전혀 몰랐다...
16646,@그러던 어느 날 그는 힘의 대가를
16647,돌려달라는 요구를 받았다. 세속의 정복을
16648,뒤에서 도운 비밀스럽고 어두운 세력에
16649,^은혜를 갚으라는 것이었다...
16650,@그들이 요구한 대가는 실로 끔찍했다!
16651,@그리하여 그는 한 성직자의 연인인
16652,여자를 붙잡았다. 한밤중의 끔찍한 의식에서
16653,"그녀는 지옥의 악마와 교접했고,"
16654,그 악마가 이 세계에
16655,정당한 권리를 주장할 수 있게 되었다.
16656,@그리하여 악마의 아이가 태어났다!
16657,@아이는 창녀인 어머니에게 맡겨져
16658,길러졌다. 한때 성직자였던 남자는
16659,자신의 옛 주군이자 영주에게서
16660,아이에게 닥칠지도 모르는 해를
16661,^막기 위해 그녀를 지켰다...
16662,아이가 열세 살이 되자 왕이 그녀를 불렀다.
16663,"왕은 또 다른 강력한 존재와 손을 잡았고,"
16664,그녀를 함정의 미끼로 삼아
16665,악마인 친부를
16666,^그들의 동맹 앞에 쓰러뜨렸다...
16667,그리하여 왕은 소녀를 차지할 수 있게 되었고
16668,그녀가 악마 아버지에게서 물려받은
16669,힘을 이용해 자신의 힘을
16670,^더욱 키우려 했다...
16671,@그러다 권력을 향한 그의 욕망은
16672,^그녀를 향한 욕정으로 변했다... 그녀에게로!
16673,@그의 왕비이자 대사제이며
16674,"한때 연인이었던 나는 버려졌고,"
16675,^그는 대신 그녀를 택했다...
16676,@그리고 나는 아무것도 아니게 되었다...
16677,"@그녀가 열네 살을 넘긴 뒤,"
16678,자신의 힘과 출생의 비밀을
16679,그에게 물었다. 그는 말해 주었다. 어머니는
16680,"그저 흔한 창녀, 아버지는 지옥의 악마."
16681,^그러자 그녀에게 단 하나의 소원이 생겼다...
16682,@그 둘을 죽이는 것!
16683,@그녀는 악마의 아이였다!
16684,@그녀는 친어머니를 죽게 만들었다!
16685,"@그리고 그 성직자, 어머니의 연인 역시"
16686,^죽임을 당했다...
16687,@그리고 마침내 재앙의 펜이 나타났다...
16688,@그가 펜에 자신의 소원을 새겨 넣자
16689,^세 가지 일이 일어났다:
16690,"@첫째, 악마녀가 직접 내리친"
16691,^일격으로 내가 죽었다...
16692,"@둘째, 그녀가 임신했다. 그의 아들,"
16693,^지옥에서 온 사생아 같은 것을 품었다...
16694,"@셋째, 그 자신이 변했다..."
16695,@그의 소원은 불멸의 존재가 되는 것이었다...
16696,@하지만 그는 재앙의 펜에 깃든 저주를
16697,^생각하지 못했다...
16698,@나는 그들에게 침을 뱉는다!
16699,"%!그놈과 그년, 그년의 것까지!"
16700,@그들이 살아 있는 한 나는 쉬지 않겠다!
16701,@너희가 그들을 파멸시켜야 한다!
16702,%!그들의 거짓말에 귀 기울이지 마라!
16703,@그들은 너희를 속이려 할 것이다!
16704,%!하지만 듣지 마라!
16705,@그들과 맞서는 데 도움이 될 것을
16706,주겠다. 하지만 내가 한 말을
16707,^절대 잊어서는 안 된다!
16710,이 열쇠를 가져라. 그녀가 잠든 방으로
16711,^들어가 그녀를 파멸시켜라!
16715,그리고 이 성스러운 유물도 가져라.
16716,그들의 힘으로부터 너희를 지켜 줄 것이다.
16717,"@그가 너희를 막으려 하겠지만, 이것이라면"
16718,^그를 저지할 수 있다...
16719,@이제 가라!
16720,%!그들이 너희를 파멸시키기 전에 먼저 파멸시켜라!
16721,%%]!나는 반드시 복수하겠다!!
16722,%%]!(유령 같은 형체가 사라진다)
16800,작은 묘실 안에는 열린 검은 관이 놓여 있고
16801,얼마 되지 않은 듯
16802,^향수와 라일락 향기가 선명하게 남아 있다...
16803,@그리고 그녀가 나타난다...
16810,<0x02>아니요/<0x03>예/<0x04>레베카/<0x03>악마의 아이/
16812,내가 누군지 알고 있나요?
16820,<0x04>레베카/
16822,내 이름이 뭐죠?
16830,나는 레베카예요...
16835,내 연인이 당신들이 올 거라고 했어요...
16836,%!당신들이 나를 죽이려 할지도 모른다고요...
16840,<0x06>아니요/<0x07>예/<0x07>그래/<0x07>응/<0x07>물론/<0x07>좋아/
16842,나를 죽이고 싶나요?
16850,당신들 말을 믿어도 될지 모르겠네요...
16851,%!보기보다는 영리한 사람들일지도 모르겠군요
16860,그렇다면 그분께 데려가야겠어요!
16861,%]레베카가 응시한다!
16870,<0x07>아니요/<0x08>예/<0x08>그래/<0x08>응/<0x08>물론/<0x08>좋아/
16872,그분께 가는 길을 따라오겠어요?
16880,그럼 따라오세요...
16881,%]레베카가 응시한다!
16900,거대한 검은 박쥐가 공격이라도 하듯
16901,^얼굴 앞으로 급강하한다...
16910,<0x02>아니요/<0x03>예/
16912,공격합니까?
16915,박쥐가 다시 한번 급강하한다.
16916,^마치 당신들을 시험하는 듯하다...
16920,그다음 벌어진 일은 믿기 어려울 정도로
16921,놀라웠다. 거의 알아채지 못할 만큼
16922,^순식간에 일어난 일이었다...
16923,@갑자기 박쥐가 사라지고
16924,^그 자리에 거대한 검은 형체가 서 있다...
16930,내 소개를 허락해 주시오...
16931,%%]나는 이 성의 군주요
16932,@보아하니 그대들은 초대받지 않은
16933,"^손님, 내 집에 침입한 자들이군..."
16934,@하지만 그대들이 이곳에 온 데에는
16935,^이유가 있을지도 모르지...
16940,<0x05>펜/<0x05>코스믹 포지/<0x06>왕/<0x07>레베카/<0x08>조르피투스/
16942,무슨 이유로 이곳에 왔지?
16945,그 펜?
16946,%!하 하 하!
16947,%하 하 하 하 하!!
16948,%하 하 하 하 아하하하하!!!
16950,그 왕???
16951,%!하 하 하!
16955,조르피투스??
16956,%!하 하 하!
16960,레베카?
16961,%]그녀에게서 떨어져 있어라!
16962,%]내 말 들었나?!
16963,%!그녀에게 가까이 가면 죽여 버리겠다!!
17000,어리석은 필멸자들아!
17001,%!가까이 오지 말라는 경고를 받았을 텐데!
17002,%%]너희는 어린아이에 불과하다. 그런데도
17003,"필멸자의 이해를 훨씬 넘어선 일,"
17004,^너희의 한정된 세계를 넘어선 일에 참견하는구나...
17005,@덤벼라!
17006,%!무엇을 상대하고 있는지
17007,"조금 ""맛보게"" 해 주마!"
17100,또 만났군...
17101,%]아쉽구나. 그대들에게도 약간의
17102,"가능성, 지성의 희미한 빛이"
17103,^보이는 듯했거늘. 많은 자들에게 없는 자질이지...
17110,"뭐, 됐어..."
17111,"%!목이 마르군. 너희 목은 싱싱해 보인다,"
17112,필요한 만큼만 취하겠다.
17113,^그 이상은 바라지 않아...
17114,@(그가 송곳니를 드러낸 채 다가오지만
17115,^ 모두는 꼼짝도 못 하고 바라볼 뿐이다.
17116,^ 악마의 아이 레베카의 최면 어린 시선에
17117,^ 완전히 사로잡힌 것이다...)
17120,아아아!
17121,%!이제 살 것 같군!
17122,%]하지만 여전히 남은 문제는
17123,^너희를 어떻게 할 것인가...
17124,%%!레베카?
17125,"@(잠시 침묵한 뒤, 그녀가 그의"
17126,^ 귀에 무언가를 속삭인다...)
17127,"%%!아!, 좋아..."
17128,%]!잘 자라!
17130,(그의 눈에서 붉은 빛이 뿜어져 나와
17131,^ 잠시 일행을 뒤덮는다...
17132,%%]그리고 모두 정신을 잃는다...
17140,쳇! 이게 뭐지??
17141,%!(그가 물러서자 그의 뺨에
17142,^ 십자가 모양 화상 자국이 보인다...)
17143,@멍청한 바보들! 역겹구나!!
17144,"%!레베카, 이리 와!"
17145,@(그가 들리지 않을 만큼 작은 목소리로
17146,^ 그녀에게 무언가를 말한 뒤
17147,"^ 당신들을 돌아보며 말한다,..."
17148,%]!잘 가라!
17200,천사들의 꿈을 꾼다...
17201,%%]그리고 불길 속에서 춤추는
17202,^한 형체가 보인다...
17210,%%]그는 위협적으로 바라보며
17211,^눈에는 광기 어린 빛이 번뜩인다...
17212,%%]그는 강력한 주문을 불러내며
17213,^당신들을 파괴할 마법을 시전하고 있다...
17214,%%]그러다 한 단어를 속삭인다...
17215,%]간신히 들릴 정도다...
17216,%]이름처럼 들린다...
17217,%]조오오르피이이투우우스스스...
17218,%%]그리고 장면이 바뀐다...
17220,어떤 감옥 같은 곳의
17221,^구석에 서 있다...
17222,%%]방은 텅 비었지만 구석에
17223,^작은 틈 하나가 보인다...
17224,%%]입안에 무언가 이상한 맛이
17225,^남아 있던 것이 떠오른다...
17226,%%]그러자 방이 변하기 시작한다...
17227,%%]점점 커진다...
17228,%]더 커지고...
17229,%]마침내 방이 당신을 집어삼킨다...
17230,%%]이제 하늘도 보이지 않는다...
17231,%%]그리고 작은 틈은...
17232,%%]거대한 터널이 된다!
17233,%%]당신은 터널을 향해 달린다...
17234,%%]
17240,어떤 감옥 같은 곳의
17241,^구석에 서 있다...
17242,"%%]방은 텅 비었고, 당신은"
17243,^문 앞에 서 있다...
17244,%%]누군가와 이야기하고 있다...
17245,%%]아니다! 무언가를 하고 있다!
17246,%%]그들에게 무언가를 건네고 있다...
17247,%%]사악한 무언가를 주고 있다...
17248,%%]빛나는 두 눈을 가진 것을...
17249,%%]그러자 그들이 몹시 화를 낸다...
17250,%%]문이 열리고 그들이 들이닥친다...
17251,%%]그들은 당신을 죽이려 한다...
17260,한참 뒤 깨어나 보니
17261,악취와 배설물 냄새가 가득한
17262,^작고 더러운 방 안이다...
17265,벽 아래쪽에 작은 틈이 하나 보인다.
17266,쥐가 겨우 통과할 수 있을
17267,^정도의 크기다...
17270,버섯 맛이 이상하다...
17271,%%]방이 달라 보이기 시작한다...
17272,%%]조금 부글거리는 것 같다...
17273,%%]그리고 이제 커지고 있다...!
17274,%%]아니다...
17275,%%]작아지는 건 당신이다!
17276,%%]작은 틈이 거대한 갈라진 틈이 된다...
17277,%%]하지만 너무 멀리 있다!
17278,%%]터널을 향해 달린다...
17279,%%]방이 다시 빠르게 줄어들기 시작한다!
17280,%%]그리고 터널 속으로 몸을 던진다...
17285,해냈다!
17286,%%]모든 것이 다시 정상이다...
17287,%%]분홍 코끼리 몇 마리만 빼고...
17288,%%]춤추는 슈트루델과 이야기를 나누는...
17289,%%]저 이상한 색깔들 곁에서...
17300,문 건너편의 경비가
17301,^당신들을 뚫어지게 보고 있다...
17302,"%!""이봐!"""
17303,"%""뭘 하든 당장 그만둬!"""
17310,이봐!
17311,%!그거 갖고 있음 안 되잖아!
17312,"%]그거 어디서 났어, 응?!"
17313,%!또 갖고 있음 안 되는 거 뭐 숨겼어?
17314,%%]!경비병!!!
17330,작은 벙커에서 나오자
17331,나무와 꽃이 가득하고
17332,작은 동물들의 재잘거림이 들리는
17333,^숲 한가운데다...
17340,물 건너편에는 반쯤 가라앉은
17341,작은 배의 부서진 뼈대가 있다.
17342,겨우 떠 있으며 금방이라도
17343,^가라앉을 것 같다...
17350,넓고 평평한 널빤지가 물 위를 가로질러
17351,^배의 갑판까지 이어져 있다...
17360,무엇이 이 배를 덮쳤든
17361,엄청난 일이었음이 틀림없다.
17362,^배의 절반밖에 남지 않았으니...
17370,배와 함께 죽은 듯한 사람들의 뼈가
17371,마지막으로 물속에 잠길 순간을
17372,^기다리듯 놓여 있다...
17380,뱃머리 위쪽에는 부서진 십자가상이
17381,벽에 매달려 있다. 어쩌면
17382,임시 예배당을 만들어
17383,겁에 질린 자들에게 희망을 주고
17384,^죽은 자들의 마지막 의식을 치른 곳일지도 모른다...
17390,부서진 십자가상을 건드리자
17391,^바닥에 떨어져 산산이 부서진다!
17392,@십자가 조각 몇 개는 충분히 날카로워
17393,필요하다면 조잡한 나무 단검이나
17394,^말뚝으로 쓸 수 있을 것 같다...
17400,<0x01><0x02><0x02><0x02><0x02><0x02><0x02><0x02><0x02><0x02><0x02><0x02><0x02><0x02><0x02><0x02><0x02><0x02><0x02><0x02><0x02><0x02><0x02><0x02><0x02><0x02><0x02><0x03>
17401,<0x04> * 마법에 걸린 숲 * <0x05>
17402,<0x04> 동물들을 괴롭히지 마시오 <0x05>
17403,<0x04>    금연    <0x05>
17404,<0x06><0x07><0x07><0x07><0x07><0x07><0x07><0x07><0x07><0x07><0x07><0x07><0x07><0x07><0x07><0x07><0x07><0x07><0x07><0x07><0x07><0x07><0x07><0x07><0x07><0x07><0x07><0x08>
17410,<0x01><0x02><0x02><0x02><0x02><0x02><0x02><0x02><0x02><0x02><0x02><0x02><0x02><0x02><0x02><0x02><0x02><0x02><0x02><0x02><0x03>
17411,<0x04>  어둠의 숲  <0x05>
17412,<0x04>    * 주의! *    <0x05>
17413,<0x06><0x07><0x07><0x07><0x07><0x07><0x07><0x07><0x07><0x07><0x07><0x07><0x07><0x07><0x07><0x07><0x07><0x07><0x07><0x07><0x08>
17420,작은 만 한쪽에 쌓여 있는
17421,^부패한 인간의 유해를 발견한다...
17430,썩고 너덜너덜해진 로브 조각이
17431,뼈를 감싸고 있다. 아마도
17432,주변 숲에서 살았던
17433,늙고 쇠약한 수도사의
17434,^마지막 안식처인 듯하다...
17440,잠시 후에야 이곳이
17441,늪과 숲 위로 솟은 성의
17442,북쪽 끝 바깥이라는 사실을
17443,^깨닫는다...
17450,어떤 동굴 안으로 들어온 듯하다.
17451,불빛이 깜빡이며
17452,바위 언덕을 깎아 만든
17453,^거친 벽을 비춘다...
17460,무슨 일이든 각오하고 동굴로 들어가지만
17461,^아무것도 없다...
17470,!<0x01><0x02><0x02><0x02><0x02><0x02><0x02><0x02><0x02><0x02><0x02><0x02><0x02><0x02><0x02><0x02><0x02><0x02><0x02><0x02><0x03>
17471,<0x04> 진실의 바위 <0x05>
17472,<0x06><0x07><0x07><0x07><0x07><0x07><0x07><0x07><0x07><0x07><0x07><0x07><0x07><0x07><0x07><0x07><0x07><0x07><0x07><0x07><0x08>
17473,@이상하게도 바위의 표면은
17474,평평하게 다듬고 광택을 내어
17475,^일행의 모습을 거울처럼 비춘다...
17480,바위가 산산이 깨지지 않도록
17481,조심스럽게 곡괭이를 휘두른 끝에
17482,반사되는 표면의 작은
17483,조각을 떼어 내는 데 성공한다...
17500,갑자기 유령 같은 형체가 나타난다!
17510,<0x02>우리는 매혹이다/
17512,너어어희느은... 누구우우냐아...???
17520,<0x03>우리는 점술을 구한다/
17522,왜애애... 여어어기에에... 왔느으냐아...???
17530,<0x04>아니요/<0x05>예/<0x05>그래/<0x05>응/<0x05>물론/
17532,대애애가아를... 치르겠느으냐아...???
17540,내애애가... 바아라보오마아...
17541,안개에에... 싸인... 무울소옥을...
17542,%
17545,동굴 안에 환영이 소용돌이치며
17546,다시 한번 미친 마법사의
17547,^모습을 비춘다...
17548,%%]하지만 곧 그가 사라지고...
17550,다른 존재가 그 자리를 대신한다...
17551,%%]사악한 무언가다...
17552,%%]그리고 엄청나게 강하다...
17553,%%]하지만 당신들은 그것에 맞서고 있다...
17554,%%]손에 무언가를 들고 있다...
17555,%%]빛나는 유리 조각이다...
17556,%%]그것으로 놈을 밀어내고 있다...
17557,%%]이어서 은빛 십자가가
17558,^높이 치켜들린다...
17559,%%]그리고 성수가 사악한 괴물의
17560,^얼굴에 뿌려진다...
17561,%%]마지막으로 지극히 성스러운 나무로 만든
17562,^나무 말뚝이 놈의 몸에 박힌다...
17563,%%]그러자 괴물이 죽어 가기 시작한다!
17564,"%%]환영이 사라지고, 당신들은"
17565,^동굴 안에 홀로 서 있다...
17570,꺼져라!
17571,%!(그리고 유령 같은 형체가 사라진다...
17600,수백 개의 작고 부드러운 빛이
17601,^축축한 습지 위를 날아다닌다...
17602,%!반딧불이처럼 보인다...
17610,가까이 다가가자 날아가 버린다...
17620,작은 빛들이 몸을 숨겼다
17621,주변의 수풀과 나무 사이에 숨어 있다.
17622,분명히 보이는데도
17623,^가까이 다가갈 수는 없다...
17630,늪의 이 구역을 둘러싸도록
17631,"작은 돌들이 원형으로 놓여 있고,"
17632,그 가운데에는 나무 그루터기 여섯 개가
17633,^작은 의자처럼 솟아 있다...
17640,나무 그루터기에 앉아
17641,^작은 종을 울린다...
17642,@얼마 지나지 않아 작은 반딧불이들이
17643,숨어 있던 곳에서 내려와
17644,당신들이 앉아 있는 원 안으로
17645,^조심스럽게 다가오기 시작한다...
17700,%%안녕!
17710,안녕!
17715,잘 가!
17720,"도울 수 있다면 기꺼이 돕겠어요,"
17721,요정이라면 누구나 그러하듯;
17722,"하지만 당신이 찾는 도움은 저 멀리,"
17723,어두운 숲 깊숙이 숨어 있어요!
17730,델파이를 찾아야 해요!
17731,%!델파이는 모든 것을 알아요!
17740,"델파이를 찾는 일은 수수께끼,"
17741,!먼저 세 가지 질문을 넘어야 해요!
17742,"@첫째 기억하세요, ""우리는 매혹이다"","
17743,"@다음에는 말하세요, ""우리는 점술을 구한다"";"
17744,"@하지만 세 번째에는 오직 당신만 답할 수 있어요,"
17745,!그 답에는 당신의 모든 말이 걸릴 테니까;
17746,"@그러니 잘 듣고 제대로 배우세요,"
17747,!델파이가 이야기를 들려줄 때!
17750,<0x01><0x01>델파이/델파이/
17760,(반지를 빛에 비추자 홀로그램 글자가
17761,^ 나타난다...
17762,@* * * 델파이의 의식 * * *
17763,!너희는 누구냐?
17764,!우리는 매혹이다!
17765,!무엇을 구하느냐?
17766,!우리는 점술을 구한다!
17767,!PIEXET RAEPIQUIANIESE?
17768,!MOLI.... ...... ..........
17769,@(마지막 부분은 긁혀 있어
17770,^ 읽기 어렵다...
17800,이봐!
17801,%!거기 꼼짝 마!
17802,%%]밖에 나와 있으면 안 되잖아!
17803,%!경비병!!!
17810,"아! 어서 오시오, 형제여!!"
17811,%]오늘 밤 의식에 쓸 제물들을
17812,^데려온 모양이군...
17813,"%!좋아, 좋아!..."
17814,%]그중 하나는 아직
17815,^처녀일지도 모른다고??
17816,"%!오, 훌륭해, 훌륭해!..."
17817,%]주인께서 기뻐하시겠군!
17818,"%!잠깐만 기다리게, 문을 열어 주지!"
17840,<0x01><0x02><0x02><0x02><0x02><0x02><0x02><0x02><0x02><0x02><0x02><0x02><0x02><0x02><0x02><0x02><0x02><0x03>
17841,<0x04> 램의 신전 <0x05>
17842,<0x04>   *  *  *  *   <0x05>
17843,<0x04>  신도 전용  <0x05>
17844,<0x06><0x07><0x07><0x07><0x07><0x07><0x07><0x07><0x07><0x07><0x07><0x07><0x07><0x07><0x07><0x07><0x07><0x08>
17850,신전에는 끓는 기름 냄새가 진동한다.
17851,양옆의 깊은 구덩이에서
17852,^김이 피어오르고 있다...
17853,"@구덩이 위로 통로가 이어지고,"
17854,가장자리에는 기묘한 복장의 사람들이
17855,서로에게 잘 보이려는 듯
17856,이상한 몸짓을
17857,^하고 있다...
17860,갑자기 한 형체가 모습을 드러낸다!
17900,"오라, 제물들이여! 불 앞으로 나서라,"
17901,용감한 아이들이여 어둠 앞에 서라;
17902,"!위대한 램의 힘이 없으면,"
17903,심연 앞에서 너희 믿음은 무너지리라!
17910,"그럼에도 아이들은 나아간다,"
17911,그 여정에서 이토록 용감하게;
17912,"!하지만 이 전당을 지배하는 자는 나,"
17913,내게는 강대한 군주들이 수없이 많다!
17920,뭐라고??!
17921,%!아직도 여기 있나?
17922,%]어떻게 이럴 수 있지??
17923,%]적색경보! 적색경보!
17924,"%!침입자, 9시 방향 상공!!"
18000,우와! 믿을 수가 없어!!
18001,%]날 죽였잖아!
18002,%]나 죽었어!
18003,%]내가 정말 죽었다니 믿을 수가 없어!!
18004,%]왜?
18005,%!왜 그런 거야???
18010,<0x05>코스믹 포지/
18012,대답은?
18020,정말???
18021,%!그런데 뭘 찾는 건데?
18025,그건 생각도 못 했네...
18026,%%]하지만 있잖아...
18027,%!이건 절대 생각 못 했을걸!
18030,코스믹 포지?
18031,%!그 냄새나는 펜 때문에 날 죽였다고??!
18032,%%]우와! 믿을 수가 없어!
18033,%]적어도 옷 입는 꼴이 싫었다거나
18034,"내가 믿는 신이 마음에 안 들었다거나,"
18035,^좀 그럴듯한 이유로 죽일 수도 있었잖아...
18036,@그러니까 절대 안 알려 줄 거야!
18037,%!나 없이는 절대 찾지 못할걸!
18038,@바로 눈앞에 있어도
18039,^절대 알아보지 못할 거야!
18040,@세 걸음 안에 있다 해도
18041,^여전히 못 찾을걸!
18042,@하 하 하 하!
18043,"%!마음껏 찾아봐,"
18044,^아무 소용도 없을 테니까!
18045,@왜냐고?...
18046,@네가 아는 것의 한계를 넘어
18047,그 너머에 있는 세계를 볼 수 있을 만큼
18048,^스스로를 밀어붙이지 못하기 때문이지...
18049,@네가 보는 세계는 환상일 뿐이야.
18050,네 마음이 작동하며 만들어 내는
18051,"^속임수, 반사상에 지나지 않지..."
18052,"@뭐, 흠, 사실 진짜이기도 하지만,"
18053,%!또 진짜가 아니기도 하고...!
18054,"@그러니까... 아, 됐어. 넘어가!"
18055,%!하지만 이것 하나 물어보지...
18056,"@너희가 찾는 건 코스믹 포지,"
18057,"운명의 펜이고, 듣기만 해도"
18058,^강력한 마법 같지...
18059,@하지만 그게 마법이 아니라면?
18060,%!만약 그것이...
18061,%%]갑자기 그 얼굴이 먼 곳을 바라본다.
18062,"마치 공간을 넘어, 시간의 메아리를 넘어,"
18063,인식과 인간 의식의 진화를
18064,가로막는 경계를
18065,^넘어 바라보는 듯하다...
18066,@그리고 그는 그저 사라진다...
18100,!<0x01><0x02><0x02><0x02><0x02><0x02><0x02><0x02><0x02><0x02><0x02><0x02><0x02><0x02><0x02><0x02><0x02><0x02><0x02><0x02><0x02><0x02><0x02><0x02><0x02><0x02><0x02><0x02><0x02><0x02><0x02><0x02><0x03>
18101,<0x04>  코스믹 포지의 방  <0x05>
18102,<0x06><0x07><0x07><0x07><0x07><0x07><0x07><0x07><0x07><0x07><0x07><0x07><0x07><0x07><0x07><0x07><0x07><0x07><0x07><0x07><0x07><0x07><0x07><0x07><0x07><0x07><0x07><0x07><0x07><0x07><0x07><0x07><0x08>
18200,아아!
18201,%!이렇게 찾아와 주다니 반갑군!
18202,"@지난번 그대들이 남긴 ""인상"" 이후로"
18203,^다시 만나길 정말 기대하고 있었지...
18204,@(재앙의 왕이 얼굴을 찡그리자
18205, 뺨에 십자가 모양의
18206,^ 딱지가 보인다)
18207,"@자, 나의 ""따뜻한 피를 가진"" 친구들이여..."
18208,%!이제 형식적인 허례를 집어치우고
18209,"문제의 핵심으로 곧장 ""날아갈"""
18210,^시간이다...
18211,"@그대들은 나를 파멸시키길 원하고,"
18212,나는 살기를 원하지!
18213,%%!그러므로...
18214,%]우리 중 하나는 죽어야 한다!
18220,아아!
18221,%!이렇게 찾아와 주다니 반갑군!
18222,@먼저 전에 그대들을 형편없는 곳에
18223,묵게 한 일을 사과하지.
18224,주말 동안 신전이
18225,^예약으로 꽉 차 있었거든...
18226,"@사실 말이지, 나는 지쳤다!"
18230,죽은 흡혈귀의 시체에서
18231,그를 닮은 유령 형체가 일어난다.
18232,자신에게 무슨 일이 일어났는지
18233,"^깨닫자 그가 말하기 시작한다,..."
18250,오래전 나는 수많은 것을 원했다.
18251,"모두 나 자신을 위한 것이었고, 주위 사람보다"
18252,^우월해지기 위한 것이었다...
18253,@그래서 음모를 꾸미고 계략을 짜며
18254,동맹을 맺었다. 모두 거대한 힘을
18255,^내 손에 넣기 위해서였다...
18256,@하지만 나는 여전히 죽음이 두려웠다!
18257,"@언젠가 내가 이 세상에 더는 존재하지 않고,"
18258,"세상을 만질 수도, 움직일 수도,"
18259,세상으로부터 감동받을 수도 없게 될 날이
18260,^얼마나 두려웠던가...
18261,@그래서 나는 죽음 자체보다 훨씬 더 큰
18262,일격을 맞고 말았다. 운명의 펜을 들고
18263,자연과 생명의 법칙을
18264,^내던져 버린 것이다...
18265,"@나는 과거처럼 영원히 살기를 원했고,"
18266,그 소원은 코스믹 포지의
18267,^기록에 따라 현실이 되었다...
18268,@나는 남의 피를 이용해
18269,"내 이익을 키우며 지배해 왔기에,"
18270,영원토록 지금 너희 앞에 보이는
18271,^이 생물로 변하고 말았다...
18272,@영원히 밤을 배회하며
18273,끝없는 허기를 채워야 하는 운명.
18274,^그 모든 것이 무엇을 위해서였나?...
18275,@나도 모르겠다...
18276,"%!살아 있는 것은 무엇이든 먹어야 하지만,"
18277,내가 손댄 모든 것은 시들고 죽었으며
18278,곧 나라는 존재도 똑같이 죽어 갔다.
18279,@나는 죽지 않고도 결국 죽어 버린 것이다!
18280,%!그런데도 내 시체는 계속 걸었다. 포지의 재앙에
18281,"속박되어 영원히 새로워져야, 아니,"
18282,^그저 제 몸을 보충해야만 했다...
18283,@이 얼마나 끔찍한 저주였던가!
18284,%!그저 살아남기만 하고 견디기만 하며
18285,"온기도, 기쁨도 느끼지 못하는 삶이"
18286,^어떤 것인지 어디서부터 말해야 할까...
18287,"@그저 계속, 계속, 계속 이어질 뿐..."
18288,"@하지만 우리는 변화를 두려워하고, 그래서"
18289,^죽음이라는 이름을 두려워한다...
18290,@그리고 죽음을 두려워하는 한 우리는
18291,^결코 진정으로 살아갈 자유를 얻지 못하리라...
18292,"@나 같은 자가 하기엔 이상한 말이지만,"
18293,그래도 이것이 내 묘비명이 되겠지!
18320,재앙은 끝났다!
18321,%!나는 밤을 받아들이노라!
18322,%!(그리고 뱀파이어는 안개 속으로 사라진다...
18330,(그리고 뱀파이어는 망토 아래에서 나무 말뚝을
18331,"꺼내 들더니, 표정 하나 바꾸지 않고"
18332,그것을 자신의 심장 깊숙이
18333,^내리꽂는다...
18400,"잠시 뒤, 또 다른 유령 같은 형체가"
18401,^당신 앞에 나타난다...
18405,그녀는 마침내 숨어 있던 곳에서
18406,조심스럽게 내려온다. 마치 무언가를
18407,^두려워하는 듯하다...
18410,<0x05>사랑해요/
18412,그는 사라졌나요?
18420,그는 나를 지켜 주고 도와준 사람이었어요.
18421,바로 그가 나를 음탕한 여왕의 손아귀에서
18422,"구해 줬죠. 조르피투스의 연인이자,"
18423,"내 아버지를 유혹하고, 죄 없는 내 어머니와"
18424,^그녀의 연인을 죽인 그 여왕에게서요...
18425,"@그는 내 유일한 기쁨이었고, 여왕은"
18426,^우리의 사랑을 증오했어요...
18427,@그 여자는 숨 쉬어 본 마녀 중에서도 가장 사악했어요.
18428,죽은 뒤라고 생전보다 더 차가워질 수도 없을 만큼요.
18429,"내 어머니와 그 연인을 죽이라 명했던 것처럼,"
18430,그 여자는 나 역시
18431,^죽이려 했어요...
18432,"@그러니 ""악마 소녀""에게 내린 사형 명령이"
18433,포지의 재앙 때문에 결국
18434,"자기 자신에게 돌아와, 제 칼에"
18435,미끄러져 쓰러져 죽었다는 게 얼마나 어울리는지...
18436,"@이제 전부 아셨으니, 나는"
18437,운명의 펜이자 손인 코스믹 포지를
18438,^당신들에게 맡기고 떠날게요...
18450,나는 재앙의 펜이 만들어 낸 존재가 아니라
18451,"필멸자의 장난에서 태어난 몸이니,"
18452,^이제 다른 곳에서 내 운명을 찾아야 해요...
18460,"아, 그리고 한 가지 더!"
18461,%%]내게는 이복동생이 하나 있어요. 내 아버지와
18462,재앙의 여왕 사이에서 태어났죠. 어느 밤 그녀가
18463,^아버지를 유혹해 품에 들였을 때 생긴 아이예요...
18464,"@마음은 착하지만, 장난과 말썽을 찾아내는"
18465,^코만큼은 그 여자를 닮았어요...
18466,@부디 나 대신 그 아이를 돌봐 주세요...
18467,"@그 아이는 혼자 있길 좋아하고, 방은"
18468,코스믹 포지의 제단 바로 뒤쪽에
18469,^숨겨져 있어요...
18470,@열쇠는 두고 갈게요...
18480,(그리고 그녀 역시 허공 속으로 사라진다...
18485,(그리고 그녀는 어둠 속으로 날아간다...
18490,어쩌면 이것이 당신의 고통을 덜어 줄지도...
18500,가늘고 칭얼거리는 목소리가
18501,^문에서 들려온다:
18502,"%!""보안 코드를 말씀해 주십시오"""
18505,$운명의 손
18510,"제단 안쪽에서 노란 빛이 새어 나오고,"
18511,밝게 빛나는 물체 하나가
18512,^그곳에 떠 있다...
18520,* 개인 기록 *
18521,!또 다른 재앙이 벌어지는 것을 막으려면
18522,코스믹 포지를 봉인하는 수밖에 없다.
18523,"돌려보낼 방법만 있었으면 좋겠지만,"
18524,유감스럽게도 우리 우주선은
18525,^연료가 바닥났다...
18526,!^보안 게이트 코드:
18527,!운명의 손
18550,"보라, 코스믹 포지를!"
18560,<0x02>아니요/<0x03>예/
18562,펜을 가져가시겠습니까?
18570,당신은 펜을 향해 손을 뻗는다...
18575,"!""그건 내가 가져가지!"","
18576,!낯선 목소리가 말한다...
18577,@!계   속   됩   니   다
18578,1991년 가을
18700,왕좌에 걸터앉은 거대한 검은
18701,드래곤이 우주의 심오한 수수께끼를
18702,골똘히 생각하며 시무룩하게 앉아 있다. 가끔
18703,뭔가 모호한 참고라도 하려는 듯 수정구를
18704,^흘끗 바라본다...
18705,"@""음,"" 그가 말한다. ""녀석들이 어디 있는지"
18706,"^알 것 같아..."""
18707,@그리고 숲에 있는 공룡 잔해로
18708,^연료를 만들 수 있을 거야...
18709,@하지만 우리 장비로 만들려면
18710,^한 1년은 걸릴 거야...
18711,@이제 남은 건 우리가 그 여행을
18712,^감행할 배짱이 있느냐뿐이군...
18713,@난 개인적으로 비행을 별로
18714,좋아하지 않아. 하지만 다들 죽어 버렸으니
18715,^여기 남아 있어 봐야 지루하기만 하겠지...
18720,<0x04>아니요/<0x05>예/<0x05>그래/<0x05>응/<0x05>물론/
18722,코스믹 로드를 뒤쫓겠습니까?
18730,"이런 이런, 정말 재미없는 친구들이군!"
18731,"@얘들아, 여기 남아서 빈둥거리고 싶다면"
18732,"그러든가. 난 상관없지만, 나는"
18733,첫 비행편 타고 나갈 거야...
18734,"@자! 열쇠 받아. 다 끝나면 문 잠그고,"
18735,불 끄는 것도 잊지 말고...
18736,%!그럼 안녕!
18740,나도!
18741,"%]자, 어서 여기서 나가자!"
18750,끝내주지 않아?!
18751,%!모두 탑승!
18752,@!계   속   됩   니   다
18753,1991년 가을
18800,왕좌에 걸터앉은 거대한 검은
18801,드래곤이 일행을 지켜본다. 두꺼운
18802,흑단빛 가죽을 따라 작은 떨림과 전율이
18803,^물결치듯 번져 간다...
18804,"@갑자기, 그는 더는 참지 못한다!"
18805,%!우우우! 구우우우!!
18806,%%]너희가 그들을 죽였어!!
18807,%!그렇다면 내가 너희를 파괴하겠다!!!
18810,<0x02>아니요/<0x03>예/<0x03>그래/<0x03>응/<0x03>물론/
18812,괴물의 입속으로 들어가시겠습니까?
18820,당신은 잠든 거대한 괴물과 마주한다.
18821,"방 전체를 가득 채울 만큼 거대한데도,"
18822,너무나 미동이 없어 숨조차
18823,^쉬지 않는 듯하다...
18824,@그것이 무엇이든 피부는 가장 단단한
18825,"갑옷만큼이나 단단하고, 무게도"
18826,엄청나서 아무리 들어 올리려 해도
18827,꿈쩍조차
18828,^하지 않는다...
18850,모두 당신 머릿속에 트롤 똥이
18851,"들었다고 입을 모으지만, 그래도 당신을 따라"
18852,^괴물의 입속으로 들어간다...
18853,@그리고 별들이 펼쳐졌다...
18854,@!계   속   됩   니   다
18855,1991년 가을
18900,!*  축 하 합 니 다  *
18901,!!당신은 코스믹 포지의 성공적인
18902,결말 중 하나에 도달했습니다.
18903,이 시점에서 게임을 저장해
18904,승리를 기록할 수 있습니다. 또한
18905,다른 디스크에도 복사해 두면
18906,앞으로 이어질 시나리오로 캐릭터를
18907,^옮길 때 사용할 수 있습니다.
18908,!이제 게임으로 돌아가
18909,^마법의 숲 어딘가에서 계속하게 됩니다.
18950,!* * * * * * *  우 우  * * * * * * *
18951,!!당신은 멍청한 BOFFO 엔딩을 골랐습니다.
18952,"즉, 부글거리는 기름의 심연 아래로 떨어져"
18953,은하계 퍼지 끈적이의 깊은 공허에
18954,"빠졌고, 그곳에서 영원히"
18955,머물게 되었습니다. 조르피투스가
18956,던진 질문에 대해 좀 더 그럴듯한 대답을
18957,^생각해 낼 때까지 말이죠.
18958,"!""왜 그랬지?"""
18959,!힌트: 게임 상자를 다시 살펴보고
18960,무언가 머리를 번쩍 치는 게 있는지
18961,^생각해 보세요...
